{
  "finished": false,
  "aborted": true,
  "abort_reason": "environment collision (impulse=9.3)",
  "gates_passed": 0,
  "lap_time_s": null,
  "gate_clips": 0,
  "env_hits": 1,
  "duration_s": 27.17647039995063,
  "loop_overrun_frac": 0.027671474830733,
  "loop_stats": {
    "ticks": 6794,
    "overruns": 188,
    "overrun_frac": 0.027671474830733,
    "max_late_us": 17570
  },
  "flight_id": "20260715T205845-fc86a160",
  "log_dir": "logs\\20260715T205845-fc86a160"
}