{
  "finished": false,
  "aborted": true,
  "abort_reason": "stale channels: imu",
  "gates_passed": 0,
  "lap_time_s": null,
  "gate_clips": 0,
  "env_hits": 0,
  "duration_s": 51.42975860001752,
  "loop_overrun_frac": 0.018372496451663774,
  "loop_stats": {
    "ticks": 12682,
    "overruns": 233,
    "overrun_frac": 0.018372496451663774,
    "max_late_us": 37683
  },
  "flight_id": "20260723T211027-bc3db29f",
  "log_dir": "logs\\20260723T211027-bc3db29f"
}