{
  "finished": false,
  "aborted": true,
  "abort_reason": "environment collision (impulse=2.1)",
  "gates_passed": 0,
  "lap_time_s": null,
  "gate_clips": 0,
  "env_hits": 3,
  "duration_s": 12.095998500008136,
  "loop_overrun_frac": 0.02943121693121693,
  "loop_stats": {
    "ticks": 3024,
    "overruns": 89,
    "overrun_frac": 0.02943121693121693,
    "max_late_us": 10467
  },
  "flight_id": "20260722T165612-6e574afc",
  "log_dir": "logs\\20260722T165612-6e574afc"
}