{
  "finished": false,
  "aborted": true,
  "abort_reason": "environment collision (impulse=1.3)",
  "gates_passed": 0,
  "lap_time_s": null,
  "gate_clips": 0,
  "env_hits": 27,
  "duration_s": 15.88000770000508,
  "loop_overrun_frac": 0.03425692695214106,
  "loop_stats": {
    "ticks": 3970,
    "overruns": 136,
    "overrun_frac": 0.03425692695214106,
    "max_late_us": 15694
  },
  "flight_id": "20260719T121141-f186c83e",
  "log_dir": "logs\\20260719T121141-f186c83e"
}