{
  "finished": false,
  "aborted": true,
  "abort_reason": "environment collision (impulse=1.6)",
  "gates_passed": 0,
  "lap_time_s": null,
  "gate_clips": 0,
  "env_hits": 2,
  "duration_s": 7.4840018000104465,
  "loop_overrun_frac": 0.028861571352218066,
  "loop_stats": {
    "ticks": 1871,
    "overruns": 54,
    "overrun_frac": 0.028861571352218066,
    "max_late_us": 15285
  },
  "flight_id": "20260722T123350-f20a8d28",
  "log_dir": "logs\\20260722T123350-f20a8d28"
}