{
  "ask": "A8 phase6l contact harvest",
  "verdict": {
    "n_events": 4,
    "n_accepted_graze": 1,
    "n_accepted_any_impulse": 1,
    "sample_used": "graze_band",
    "n_sample": 1,
    "n_HIGH": 0,
    "n_LOW": 1,
    "h_up_m": null,
    "h_down_m": 0.6381744117938181,
    "h_drone_m": 0.6381744117938181,
    "h_up_scatter": {
      "n": 0
    },
    "h_down_scatter": {
      "n": 1,
      "min": 0.6381744117938181,
      "max": 0.6381744117938181,
      "mean": 0.6381744117938181,
      "std": 0.0,
      "median": 0.6381744117938181,
      "p10": 0.6381744117938181,
      "p90": 0.6381744117938181,
      "values": [
        0.6381744117938181
      ]
    },
    "proxy_scatter": {
      "n": 1,
      "min": 0.961825588206182,
      "max": 0.961825588206182,
      "mean": 0.961825588206182,
      "std": 0.0,
      "median": 0.961825588206182,
      "p10": 0.961825588206182,
      "p90": 0.961825588206182,
      "values": [
        0.961825588206182
      ]
    },
    "micro_fresh_n": 5,
    "micro_h_up_scatter": {
      "n": 3,
      "min": 0.7440711265785648,
      "max": 0.7440711265785648,
      "mean": 0.7440711265785648,
      "std": 0.0,
      "median": 0.7440711265785648,
      "p10": 0.7440711265785648,
      "p90": 0.7440711265785648,
      "values": [
        0.7440711265785648,
        0.7440711265785648,
        0.7440711265785648
      ]
    },
    "micro_h_down_scatter": {
      "n": 2,
      "min": 0.6381744117938181,
      "max": 0.6381744117938181,
      "mean": 0.6381744117938181,
      "std": 0.0,
      "median": 0.6381744117938181,
      "p10": 0.6381744117938181,
      "p90": 0.6381744117938181,
      "values": [
        0.6381744117938181,
        0.6381744117938181
      ]
    },
    "rejection_reasons": {
      "REJECT_no_state_gate": 1,
      "REJECT_stale_state": 1,
      "REJECT_state_R_vs_contact_geom": 1
    },
    "contact_grade_usable": false,
    "envelope_unfreeze_candidate": false,
    "chain": {
      "held_h": 0.62,
      "held_C_contact": 0.18,
      "if_unfreeze_C_contact": 0.16182558820618198,
      "status": "HELD \u2014 first-touch n<3 or h\u22480; see micro-fresh for consistency"
    },
    "sim_crosscheck": {
      "reachable": true,
      "path": "simtools/mock_sim.py::_check_gate_crossing",
      "model": "point-mass drone (no airframe half-extent constant)",
      "pass_band": "|vert| <= half_h",
      "clip_band": "half_h < |vert| <= 1.5*half_h (collision_id=1001)",
      "GATE_GEOM_d_star": 0.8,
      "mock_default_half_h": 0.7,
      "implied_h_drone_at_clip_onset_point_mass": 0.0,
      "note": "Point-mass first-clip predicts deficit\u22480 (true_dz\u2248\u00b1half_h). A measured contact-instant max(deficit)>0 is the real airframe half-extent above that idealization. Absence of accepted HIGH-tail deficits is consistent with the mock (h=0), and does NOT support published h=0.62."
    }
  },
  "flights": [
    {
      "label": "phase6l_F2",
      "fid": "20260720T071112-cd18c5fb",
      "note": "11 gate clips, clip-budget abort",
      "path": "C:\\Users\\tsion\\Projects\\eni_dcim_github\\fixtures\\20260720T071602-phase6l-cohort-3\\20260720T071112-cd18c5fb-flight.jsonl",
      "n_collisions": 11,
      "n_events": 2,
      "ledger": [
        {
          "flight": "phase6l_F2",
          "fid": "20260720T071112-cd18c5fb",
          "event_id": 0,
          "n_in_event": 3,
          "t_ff": 4.4933281,
          "impulse": 0.2195853441953659,
          "threat_level": 1,
          "first_touch": true,
          "accepted": false,
          "reason": "REJECT_no_state_gate",
          "provenance": "state_gate_rel",
          "true_dz": null,
          "true_dz_raw": null,
          "proxy_0p8_minus_true_dz": null,
          "R_state": null,
          "tz_state": null,
          "R_det": 0.8971050642858123,
          "age": Infinity,
          "dt_state": 0.00676719999999964,
          "in_graze_band": true
        },
        {
          "flight": "phase6l_F2",
          "fid": "20260720T071112-cd18c5fb",
          "event_id": 1,
          "n_in_event": 8,
          "t_ff": 4.6207958,
          "impulse": 0.15094983577728271,
          "threat_level": 1,
          "first_touch": true,
          "accepted": true,
          "reason": "ACCEPT_contact_instant_state",
          "provenance": "state_gate_rel",
          "true_dz": -0.16182558820618198,
          "true_dz_raw": -0.16182558820618198,
          "proxy_0p8_minus_true_dz": 0.961825588206182,
          "R_state": 0.9061636975364019,
          "tz_state": 0.4494071363066971,
          "R_det": 0.8823756189407245,
          "age": 0.0,
          "dt_state": 0.0005588999999996958,
          "tail": "LOW",
          "h_up": null,
          "h_down": 0.6381744117938181,
          "clearance_deficit_high": 0.0,
          "in_graze_band": true
        }
      ],
      "micro_fresh_contacts": [
        {
          "flight": "phase6l_F2",
          "fid": "20260720T071112-cd18c5fb",
          "event_id": 1,
          "n_in_event": 8,
          "t_ff": 4.6207958,
          "impulse": 0.15094983577728271,
          "threat_level": 1,
          "first_touch": true,
          "accepted": true,
          "reason": "ACCEPT_contact_instant_state",
          "provenance": "state_gate_rel",
          "true_dz": -0.16182558820618198,
          "true_dz_raw": -0.16182558820618198,
          "proxy_0p8_minus_true_dz": 0.961825588206182,
          "R_state": 0.9061636975364019,
          "tz_state": 0.4494071363066971,
          "R_det": 0.8823756189407245,
          "age": 0.0,
          "dt_state": 0.0005588999999996958,
          "tail": "LOW",
          "h_up": null,
          "h_down": 0.6381744117938181,
          "clearance_deficit_high": 0.0
        },
        {
          "flight": "phase6l_F2",
          "fid": "20260720T071112-cd18c5fb",
          "event_id": 1,
          "n_in_event": 8,
          "t_ff": 4.6272876,
          "impulse": 0.09133926033973694,
          "threat_level": 1,
          "first_touch": false,
          "accepted": true,
          "reason": "ACCEPT_contact_instant_state",
          "provenance": "state_gate_rel",
          "true_dz": -0.16182558820618198,
          "true_dz_raw": -0.16182558820618198,
          "proxy_0p8_minus_true_dz": 0.961825588206182,
          "R_state": 0.9061636975364019,
          "tz_state": 0.4494071363066971,
          "R_det": 0.8823756189407245,
          "age": 0.0,
          "dt_state": 0.007050699999999743,
          "tail": "LOW",
          "h_up": null,
          "h_down": 0.6381744117938181,
          "clearance_deficit_high": 0.0
        },
        {
          "flight": "phase6l_F2",
          "fid": "20260720T071112-cd18c5fb",
          "event_id": 1,
          "n_in_event": 8,
          "t_ff": 4.6550928,
          "impulse": 0.0672006830573082,
          "threat_level": 1,
          "first_touch": false,
          "accepted": true,
          "reason": "ACCEPT_contact_instant_state",
          "provenance": "state_gate_rel",
          "true_dz": 0.05592887342143529,
          "true_dz_raw": 0.05592887342143529,
          "proxy_0p8_minus_true_dz": 0.7440711265785648,
          "R_state": 0.8523589204355237,
          "tz_state": 0.4826357130302156,
          "R_det": 0.8523589204355237,
          "age": 0.0,
          "dt_state": 0.004887899999999945,
          "tail": "HIGH",
          "h_up": 0.7440711265785648,
          "h_down": null,
          "clearance_deficit_high": 0.0
        },
        {
          "flight": "phase6l_F2",
          "fid": "20260720T071112-cd18c5fb",
          "event_id": 1,
          "n_in_event": 8,
          "t_ff": 4.6620244,
          "impulse": 0.06471516191959381,
          "threat_level": 1,
          "first_touch": false,
          "accepted": true,
          "reason": "ACCEPT_contact_instant_state",
          "provenance": "state_gate_rel",
          "true_dz": 0.05592887342143529,
          "true_dz_raw": 0.05592887342143529,