{
  "finished": false,
  "aborted": true,
  "abort_reason": "stale channels: imu(0.252s)",
  "gates_passed": 0,
  "lap_time_s": null,
  "gate_clips": 0,
  "env_hits": 0,
  "duration_s": 30.615947699989192,
  "loop_overrun_frac": 0.012150509537496733,
  "loop_stats": {
    "ticks": 7654,
    "overruns": 93,
    "overrun_frac": 0.012150509537496733,
    "max_late_us": 11576
  },
  "flight_id": "20260723T220858-82efa9c1",
  "log_dir": "logs\\20260723T220858-82efa9c1"
}