{
  "finished": false,
  "aborted": true,
  "abort_reason": "environment collision (impulse=12.7)",
  "gates_passed": 0,
  "lap_time_s": null,
  "gate_clips": 0,
  "env_hits": 1,
  "duration_s": 37.7119886999717,
  "loop_overrun_frac": 0.003075943996605855,
  "loop_stats": {
    "ticks": 9428,
    "overruns": 29,
    "overrun_frac": 0.003075943996605855,
    "max_late_us": 4831
  },
  "flight_id": "20260724T062241-62d08171",
  "log_dir": "logs\\20260724T062241-62d08171"
}