{
  "finished": false,
  "aborted": true,
  "abort_reason": "environment collision (impulse=1.8)",
  "gates_passed": 0,
  "lap_time_s": null,
  "gate_clips": 0,
  "env_hits": 3,
  "duration_s": 20.247996699996293,
  "loop_overrun_frac": 0.009877518767285659,
  "loop_stats": {
    "ticks": 5062,
    "overruns": 50,
    "overrun_frac": 0.009877518767285659,
    "max_late_us": 8949
  },
  "flight_id": "20260723T171551-1d8b4339",
  "log_dir": "logs\\20260723T171551-1d8b4339"
}