{
  "finished": false,
  "aborted": true,
  "abort_reason": "environment collision (impulse=4.1)",
  "gates_passed": 0,
  "lap_time_s": null,
  "gate_clips": 1,
  "env_hits": 1,
  "duration_s": 10.21168760000728,
  "loop_overrun_frac": 0.048197492163009406,
  "loop_stats": {
    "ticks": 2552,
    "overruns": 123,
    "overrun_frac": 0.048197492163009406,
    "max_late_us": 15841
  },
  "flight_id": "20260717T142306-7223cc0c",
  "log_dir": "logs\\20260717T142306-7223cc0c"
}