{
  "finished": false,
  "aborted": true,
  "abort_reason": "gate clip budget exceeded (11)",
  "gates_passed": 0,
  "lap_time_s": null,
  "gate_clips": 11,
  "env_hits": 0,
  "duration_s": 19.77421509998385,
  "loop_overrun_frac": 0.013762396276057479,
  "loop_stats": {
    "ticks": 4941,
    "overruns": 68,
    "overrun_frac": 0.013762396276057479,
    "max_late_us": 14632
  },
  "flight_id": "20260723T224345-01330cb1",
  "log_dir": "logs\\20260723T224345-01330cb1"
}