{
  "finished": false,
  "aborted": true,
  "abort_reason": "environment collision (impulse=1.8)",
  "gates_passed": 0,
  "lap_time_s": null,
  "gate_clips": 0,
  "env_hits": 1,
  "duration_s": 12.20800220000092,
  "loop_overrun_frac": 0.006880733944954129,
  "loop_stats": {
    "ticks": 3052,
    "overruns": 21,
    "overrun_frac": 0.006880733944954129,
    "max_late_us": 7064
  },
  "flight_id": "20260722T165729-6e574afc",
  "log_dir": "logs\\20260722T165729-6e574afc"
}