{
  "finished": false,
  "aborted": true,
  "abort_reason": "stale channels: frame(0.504s)",
  "gates_passed": 0,
  "lap_time_s": null,
  "gate_clips": 2,
  "env_hits": 0,
  "duration_s": 35.21604440000374,
  "loop_overrun_frac": 0.011585642889595639,
  "loop_stats": {
    "ticks": 8804,
    "overruns": 102,
    "overrun_frac": 0.011585642889595639,
    "max_late_us": 14645
  },
  "flight_id": "20260723T224141-01330cb1",
  "log_dir": "logs\\20260723T224141-01330cb1"
}