{
  "finished": false,
  "aborted": true,
  "abort_reason": "environment collision (impulse=2.4)",
  "gates_passed": 1,
  "lap_time_s": null,
  "gate_clips": 2,
  "env_hits": 1,
  "duration_s": 17.204008100001374,
  "loop_overrun_frac": 0.022087886538014415,
  "loop_stats": {
    "ticks": 4301,
    "overruns": 95,
    "overrun_frac": 0.022087886538014415,
    "max_late_us": 15366
  },
  "flight_id": "20260719T163649-f170ead6",
  "log_dir": "logs\\20260719T163649-f170ead6"
}