{
  "finished": false,
  "aborted": true,
  "abort_reason": "environment collision (impulse=7.9)",
  "gates_passed": 1,
  "lap_time_s": null,
  "gate_clips": 0,
  "env_hits": 1,
  "duration_s": 15.271997699979693,
  "loop_overrun_frac": 0.014143530644316397,
  "loop_stats": {
    "ticks": 3818,
    "overruns": 54,
    "overrun_frac": 0.014143530644316397,
    "max_late_us": 5254
  },
  "flight_id": "20260723T055209-d34a5ff2",
  "log_dir": "logs\\20260723T055209-d34a5ff2"
}