{
  "finished": false,
  "aborted": true,
  "abort_reason": "stale channels: imu(0.252s)",
  "gates_passed": 0,
  "lap_time_s": null,
  "gate_clips": 0,
  "env_hits": 0,
  "duration_s": 41.74799239996355,
  "loop_overrun_frac": 0.007281785953818147,
  "loop_stats": {
    "ticks": 10437,
    "overruns": 76,
    "overrun_frac": 0.007281785953818147,
    "max_late_us": 8941
  },
  "flight_id": "20260723T215936-82efa9c1",
  "log_dir": "logs\\20260723T215936-82efa9c1"
}