{
  "finished": false,
  "aborted": true,
  "abort_reason": "environment collision (impulse=1.5)",
  "gates_passed": 0,
  "lap_time_s": null,
  "gate_clips": 0,
  "env_hits": 3,
  "duration_s": 21.300013199987006,
  "loop_overrun_frac": 0.013521126760563381,
  "loop_stats": {
    "ticks": 5325,
    "overruns": 72,
    "overrun_frac": 0.013521126760563381,
    "max_late_us": 11625
  },
  "flight_id": "20260719T074950-fab49fbf",
  "log_dir": "logs\\20260719T074950-fab49fbf"
}