{
  "finished": false,
  "aborted": true,
  "abort_reason": "environment collision (impulse=2.7)",
  "gates_passed": 0,
  "lap_time_s": null,
  "gate_clips": 0,
  "env_hits": 2,
  "duration_s": 7.995988800015766,
  "loop_overrun_frac": 0.004502251125562781,
  "loop_stats": {
    "ticks": 1999,
    "overruns": 9,
    "overrun_frac": 0.004502251125562781,
    "max_late_us": 7003
  },
  "flight_id": "20260721T193327-35277268",
  "log_dir": "logs\\20260721T193327-35277268"
}