{
  "finished": false,
  "aborted": true,
  "abort_reason": "environment collision (impulse=2.6)",
  "gates_passed": 0,
  "lap_time_s": null,
  "gate_clips": 0,
  "env_hits": 1,
  "duration_s": 12.431996300001629,
  "loop_overrun_frac": 0.0074002574002574005,
  "loop_stats": {
    "ticks": 3108,
    "overruns": 23,
    "overrun_frac": 0.0074002574002574005,
    "max_late_us": 9325
  },
  "flight_id": "20260720T142917-9aa0ef5c",
  "log_dir": "logs\\20260720T142917-9aa0ef5c"
}