{
  "f3": {
    "fid": "20260719T121637-f186c83e",
    "label": "F3",
    "note": "geometric termination ~8.38s, age 1.25s, crossed believed z=-0.42",
    "takeoff_t": 4.1518216,
    "window": [
      6.4,
      8.4
    ],
    "n_frames": 60,
    "n_detector_pose": 40,
    "n_lock_accepted": 31,
    "n_tracker_ok": 31,
    "solo_timeout_events": 13,
    "det_reason_hist": {
      "OK_pose": 40,
      "grazing_normal(|nz|=0.33)": 2,
      "grazing_normal(|nz|=0.30)": 1,
      "grazing_normal(|nz|=0.25)": 2,
      "scale_high(1.56>1.5)": 1,
      "scale_high(1.62>1.5)": 1,
      "grazing_normal(|nz|=0.22)": 1,
      "scale_high(1.86>1.5)": 1,
      "grazing_normal(|nz|=0.18)": 1,
      "scale_high(1.64>1.5)+grazing_normal(|nz|=0.21)": 1,
      "scale_high(1.57>1.5)+grazing_normal(|nz|=0.17)": 1,
      "no_quad_or_box": 6,
      "grazing_normal(|nz|=0.20)": 1,
      "grazing_normal(|nz|=0.24)": 1
    },
    "trk_reason_hist": {
      "OK": 31,
      "track_failed_solve_or_step": 2,
      "low_support(2<10,edges=1)": 1,
      "low_support(0<10,edges=0)": 13,
      "solo_timeout(1.00>1.0)": 1,
      "solo_timeout(1.04>1.0)": 1,
      "solo_timeout(1.07>1.0)": 1,
      "solo_timeout(1.10>1.0)": 1,
      "solo_timeout(1.13>1.0)": 1,
      "solo_timeout(1.17>1.0)": 1,
      "solo_timeout(1.20>1.0)": 1,
      "solo_timeout(1.24>1.0)": 1,
      "solo_timeout(1.26>1.0)": 1,
      "solo_timeout(1.30>1.0)": 1,
      "solo_timeout(1.34>1.0)": 1,
      "solo_timeout(1.37>1.0)": 1,
      "solo_timeout(1.40>1.0)": 1
    },
    "fov_hist": {
      "in_fov": 27,
      "edge_clip:bottom": 11,
      "edge_clip:right": 22
    },
    "age_end": 0.968126408,
    "age_max": 0.968126408,
    "phase_transitions": [
      {
        "t": 5.4034291,
        "phase": "takeoff"
      },
      {
        "t": 5.6436644,
        "phase": "align"
      },
      {
        "t": 6.4036387,
        "phase": "commit"
      },
      {
        "t": 8.3835106,
        "phase": "retreat"
      }
    ],
    "log_dets_in_window": 43,
    "plane_cross_log": {
      "t": 8.2635904,
      "t_vec": [
        0.0602538888447124,
        0.22740011009017577,
        -0.06120245662665799
      ],
      "age": 1.135474528,
      "believed_z_cam": -0.06120245662665799
    },
    "closest_state_sample": {
      "t": 8.2434279,
      "t_vec": [
        0.0627298742130038,
        0.2089401575018326,
        0.004035212054883254
      ],
      "age": 1.114086528,
      "dist": 0.21819099310465995
    },
    "hard_frames": [
      {
        "file": "frames/F3/F3_t7.98_h9.jpg",
        "t": 7.9822729,
        "hard": 9,
        "det_reason": "grazing_normal(|nz|=0.24)",
        "trk_reason": "solo_timeout(1.00>1.0)",
        "fov_tag": "edge_clip:right",
        "age": 0.565509408,
        "believed_dist": 6.508020367041188
      },
      {
        "file": "frames/F3/F3_t7.45_h8.jpg",
        "t": 7.4476376,
        "hard": 8,
        "det_reason": "scale_high(1.64>1.5)+grazing_normal(|nz|=0.21)",
        "trk_reason": "track_failed_solve_or_step",
        "fov_tag": "edge_clip:right",
        "age": 0.040889408,
        "believed_dist": 4.714584890174382
      },
      {
        "file": "frames/F3/F3_t7.48_h8.jpg",
        "t": 7.4829727,
        "hard": 8,
        "det_reason": "scale_high(1.57>1.5)+grazing_normal(|nz|=0.17)",
        "trk_reason": "track_failed_solve_or_step",
        "fov_tag": "edge_clip:right",
        "age": 0.065555408,
        "believed_dist": 4.777747905738977
      },
      {
        "file": "frames/F3/F3_t7.52_h7.jpg",
        "t": 7.5188525,
        "hard": 7,
        "det_reason": "no_quad_or_box",
        "trk_reason": "low_support(2<10,edges=1)",
        "fov_tag": "edge_clip:bottom",
        "age": 0.100344408,
        "believed_dist": 4.877578153155782
      },
      {
        "file": "frames/F3/F3_t7.55_h7.jpg",
        "t": 7.5515588,
        "hard": 7,
        "det_reason": "no_quad_or_box",
        "trk_reason": "low_support(0<10,edges=0)",
        "fov_tag": "edge_clip:bottom",
        "age": 0.134893408,
        "believed_dist": 4.979613978925322
      },
      {
        "file": "frames/F3/F3_t7.58_h7.jpg",
        "t": 7.5792966,
        "hard": 7,
        "det_reason": "no_quad_or_box",
        "trk_reason": "low_support(0<10,edges=0)",
        "fov_tag": "edge_clip:bottom",
        "age": 0.162845408,
        "believed_dist": 5.057480642871646
      },
      {
        "file": "frames/F3/F3_t7.62_h7.jpg",
        "t": 7.6196716,
        "hard": 7,
        "det_reason": "no_quad_or_box",
        "trk_reason": "low_support(0<10,edges=0)",
        "fov_tag": "edge_clip:bottom",
        "age": 0.197476408,
        "believed_dist": 5.157671968993872
      },
      {
        "file": "frames/F3/F3_t7.65_h7.jpg",
        "t": 7.6497396,
        "hard": 7,
        "det_reason": "no_quad_or_box",
        "trk_reason": "low_support(0<10,edges=0)",
        "fov_tag": "edge_clip:bottom",
        "age": 0.243739408,
        "believed_dist": 5.304178498933104
      }
    ]
  },
  "f1": {
    "fid": "20260719T121141-f186c83e",
    "label": "F1",
    "note": "retreat ~8.20s with age 0.00 \u2014 vision held; contrast case",
    "takeoff_t": 4.2042699,
    "window": [
      6.4,
      8.4
    ],
    "n_frames": 60,
    "n_detector_pose": 52,
    "n_lock_accepted": 60,
    "n_tracker_ok": 58,
    "solo_timeout_events": 0,
    "det_reason_hist": {
      "OK_pose": 52,
      "grazing_normal(|nz|=0.18)+ty_max(|ty|=-6.51>6.0)": 1,
      "grazing_normal(|nz|=0.20)+ty_max(|ty|=-8.21>6.0)": 1,
      "ty_max(|ty|=-6.21>6.0)": 1,
      "grazing_normal(|nz|=0.27)": 1,
      "grazing_normal(|nz|=0.19)": 1,
      "grazing_normal(|nz|=0.29)": 1,
      "grazing_normal(|nz|=0.24)": 1,
      "scale_high(1.54>1.5)": 1
    },
    "trk_reason_hist": {
      "OK": 58,
      "low_support(5<5,edges=1)": 2
    },
    "fov_hist": {
      "edge_clip:bottom": 13,
      "in_fov": 34,
      "edge_clip:top": 1,
      "edge_clip:right": 4,
      "edge_clip:top,bottom": 2,
      "edge_clip:left,top,bottom": 4,
      "edge_clip:left,bottom": 2
    },
    "age_end": 0.003369184,
    "age_max": 0.022829128,
    "phase_transitions": [
      {
        "t": 5.4043547,
        "phase": "takeoff"
      },
      {
        "t": 5.7045383,
        "phase": "align"
      },
      {
        "t": 6.4451946,
        "phase": "commit"
      },
      {
        "t": 8.2048416,
        "phase": "retreat"
      }
    ],
    "log_dets_in_window": 60,
    "plane_cross_log": null,
    "closest_state_sample": {
      "t": 8.3043827,
      "t_vec": [
        -0.7224937654700258,
        -0.1877611845404424,
        1.0219454163281694
      ],
      "age": 0.029839832,
      "dist": 1.2655528189361525
    },
    "hard_frames": [
      {
        "file": "frames/F1/F1_t7.72_h7.jpg",
        "t": 7.7236594,
        "hard": 7,
        "det_reason": "scale_high(1.54>1.5)",
        "trk_reason": "OK",
        "fov_tag": "edge_clip:right",
        "age": 0.003202152,
        "believed_dist": 2.2661200820373817
      },
      {
        "file": "frames/F1/F1_t6.52_h4.jpg",
        "t": 6.5214107,
        "hard": 4,
        "det_reason": "grazing_normal(|nz|=0.18)+ty_max(|ty|=-6.51>6.0)",
        "trk_reason": "OK",
        "fov_tag": "in_fov",
        "age": 0.002975936,
        "believed_dist": 4.261826429902077
      },
      {
        "file": "frames/F1/F1_t6.59_h4.jpg",
        "t": 6.5920501,
        "hard": 4,
        "det_reason": "grazing_normal(|nz|=0.20)+ty_max(|ty|=-8.21>6.0)",
        "trk_reason": "OK",
        "fov_tag": "in_fov",
        "age": 0.000604752,
        "believed_dist": 3.997377734125885
      },
      {
        "file": "frames/F1/F1_t6.67_h4.jpg",
        "t": 6.6667561,
        "hard": 4,
        "det_reason": "ty_max(|ty|=-6.21>6.0)",
        "trk_reason": "OK",
        "fov_tag": "in_fov",
        "age": 0.013929136,
        "believed_dist": 3.761526819589309
      },
      {
        "file": "frames/F1/F1_t8.35_h4.jpg",