{
  "finished": false,
  "aborted": true,
  "abort_reason": "environment collision (impulse=12.7)",
  "gates_passed": 0,
  "lap_time_s": null,
  "gate_clips": 0,
  "env_hits": 1,
  "duration_s": 20.315999999991618,
  "loop_overrun_frac": 0.0092537901161646,
  "loop_stats": {
    "ticks": 5079,
    "overruns": 47,
    "overrun_frac": 0.0092537901161646,
    "max_late_us": 6038
  },
  "flight_id": "20260720T062921-790186c4",
  "log_dir": "logs\\20260720T062921-790186c4"
}