{
  "finished": false,
  "aborted": true,
  "abort_reason": "environment collision (impulse=8.2)",
  "gates_passed": 0,
  "lap_time_s": null,
  "gate_clips": 0,
  "env_hits": 3,
  "duration_s": 11.383998200006317,
  "loop_overrun_frac": 0.0035137034434293743,
  "loop_stats": {
    "ticks": 2846,
    "overruns": 10,
    "overrun_frac": 0.0035137034434293743,
    "max_late_us": 1744
  },
  "flight_id": "20260720T063147-790186c4",
  "log_dir": "logs\\20260720T063147-790186c4"
}