{
  "finished": false,
  "aborted": true,
  "abort_reason": "environment collision (impulse=11.1)",
  "gates_passed": 1,
  "lap_time_s": null,
  "gate_clips": 0,
  "env_hits": 1,
  "duration_s": 16.091994399990654,
  "loop_overrun_frac": 0.018891374596072583,
  "loop_stats": {
    "ticks": 4023,
    "overruns": 76,
    "overrun_frac": 0.018891374596072583,
    "max_late_us": 10386
  },
  "flight_id": "20260720T062804-c38fd469",
  "log_dir": "logs\\20260720T062804-c38fd469"
}