{
  "finished": false,
  "aborted": true,
  "abort_reason": "environment collision (impulse=7.0)",
  "gates_passed": 0,
  "lap_time_s": null,
  "gate_clips": 0,
  "env_hits": 46,
  "duration_s": 20.379996800009394,
  "loop_overrun_frac": 0.0041216879293424925,
  "loop_stats": {
    "ticks": 5095,
    "overruns": 21,
    "overrun_frac": 0.0041216879293424925,
    "max_late_us": 4686
  },
  "flight_id": "20260720T063258-c38fd469",
  "log_dir": "logs\\20260720T063258-c38fd469"
}