{
  "finished": false,
  "aborted": true,
  "abort_reason": "environment collision (impulse=1.4)",
  "gates_passed": 0,
  "lap_time_s": null,
  "gate_clips": 0,
  "env_hits": 1,
  "duration_s": 5.832001600007061,
  "loop_overrun_frac": 0.00823045267489712,
  "loop_stats": {
    "ticks": 1458,
    "overruns": 12,
    "overrun_frac": 0.00823045267489712,
    "max_late_us": 6399
  },
  "flight_id": "20260720T063042-c38fd469",
  "log_dir": "logs\\20260720T063042-c38fd469"
}