{
  "finished": false,
  "aborted": true,
  "abort_reason": "environment collision (impulse=30.5)",
  "gates_passed": 0,
  "lap_time_s": null,
  "gate_clips": 4,
  "env_hits": 1,
  "duration_s": 14.404048900003545,
  "loop_overrun_frac": 0.0016662038322688142,
  "loop_stats": {
    "ticks": 3601,
    "overruns": 6,
    "overrun_frac": 0.0016662038322688142,
    "max_late_us": 4753
  },
  "flight_id": "20260717T091239-debf3ec1",
  "log_dir": "logs\\20260717T091239-debf3ec1"
}