{
  "finished": false,
  "aborted": true,
  "abort_reason": "environment collision (impulse=13.6)",
  "gates_passed": 0,
  "lap_time_s": null,
  "gate_clips": 0,
  "env_hits": 2,
  "duration_s": 11.188027199939825,
  "loop_overrun_frac": 0.014301036825169824,
  "loop_stats": {
    "ticks": 2797,
    "overruns": 40,
    "overrun_frac": 0.014301036825169824,
    "max_late_us": 7849
  },
  "flight_id": "20260717T091107-debf3ec1",
  "log_dir": "logs\\20260717T091107-debf3ec1"
}