{
  "finished": false,
  "aborted": true,
  "abort_reason": "flight timeout",
  "gates_passed": 0,
  "lap_time_s": null,
  "gate_clips": 0,
  "env_hits": 0,
  "duration_s": 120.00007980002556,
  "loop_overrun_frac": 3.3333333333333335e-05,
  "loop_stats": {
    "ticks": 30000,
    "overruns": 1,
    "overrun_frac": 3.3333333333333335e-05,
    "max_late_us": 453
  },
  "flight_id": "20260715T044545-411f3135",
  "log_dir": "logs\\20260715T044545-411f3135"
}