{
  "finished": false,
  "aborted": true,
  "abort_reason": "environment collision (impulse=3.0)",
  "gates_passed": 0,
  "lap_time_s": null,
  "gate_clips": 0,
  "env_hits": 44,
  "duration_s": 14.680126099992776,
  "loop_overrun_frac": 0.02997275204359673,
  "loop_stats": {
    "ticks": 3670,
    "overruns": 110,
    "overrun_frac": 0.02997275204359673,
    "max_late_us": 18778
  },
  "flight_id": "20260719T150627-486b0765",
  "log_dir": "logs\\20260719T150627-486b0765"
}