{
  "finished": false,
  "aborted": true,
  "abort_reason": "stale channels: imu",
  "gates_passed": 0,
  "lap_time_s": null,
  "gate_clips": 0,
  "env_hits": 0,
  "duration_s": 30.867985200020485,
  "loop_overrun_frac": 0.004924193339380588,
  "loop_stats": {
    "ticks": 7717,
    "overruns": 38,
    "overrun_frac": 0.004924193339380588,
    "max_late_us": 5825
  },
  "flight_id": "20260723T204343-c789aedf",
  "log_dir": "logs\\20260723T204343-c789aedf"
}