{
  "fit_all_88": {
    "n": 88,
    "intercept": 0.08752649452349369,
    "slope": 0.22290181658462666,
    "r_squared": 0.3169410732280079,
    "residual_rmse": 0.39978446150660496,
    "x_mean": 3.33318524998179,
    "y_mean": 0.8304995417575175,
    "definition": "y = believed_opening_height \u2212 true_opening_height (= true_dz \u2212 phantom_dz) at LAST NEAR fix (R\u22645m); x = R_lastfix. Far-gate flickers excluded.",
    "expected_slope": 0.30601081732530144,
    "expected_intercept_aperture": 0.33,
    "slope_vs_sin_tilt": 0.08310900074067479,
    "R_lastfix_median": 3.350949090871958,
    "R_lastfix_mean": 3.33318524998179
  },
  "fit_fresh_age_lt_0_25": {
    "n": 6,
    "intercept": -0.05735513479817163,
    "slope": 0.16294536969615117,
    "r_squared": 0.0467532632307569,
    "residual_rmse": 0.28269244896955953,
    "x_mean": 1.4840915129979668,
    "y_mean": 0.18447070545020242
  },
  "fit_R_le_4m": {
    "n": 59,
    "intercept": -0.1462908487491755,
    "slope": 0.3090712273020497,
    "r_squared": 0.6643693830748545,
    "residual_rmse": 0.19396164611481637,
    "x_mean": 2.682087042645554,
    "y_mean": 0.6826650852522107
  },
  "n_arrivals": 88,
  "interpretation": {
    "slope_is_phantom_share": true,
    "intercept_is_aperture_share": true,
    "prior_bug": "v1 used any last det including 10-40m flickers (R_mean~15m) \u2192 slope collapsed; v2 restricts to near fixes R\u22645m"
  }
}