flight_id,t_last_fix_s,range_m,true_ty_m,believed_ty_m,delta_believed_minus_true_m,runaway_believed_minus_true_m,believed_at_closest_ty,closest_dist_m,mean_vz_cmd_after,frac_blind_climb_active,note
20260716T203450-2ca531c3,7.2893091,1.5027418095499494,-0.3353324463299627,-0.3336093751957827,0.0017230711341799654,0.3602897409785138,0.024957294648551145,0.030753529518360436,-0.2755463283763938,0.30303030303030304,
20260716T212408-2ca531c3,7.3028322,1.672659584462913,-0.9446242102185011,0.31383880041187073,1.2584630106303718,1.221509329529304,0.27688511931080306,1.9781088268446971,0.1513349457440096,1.0,TRUE_LOW believed_HIGH (sign conflict at last fix)
20260716T131137-2ca531c3,31.6789301,4.5525019815148635,-0.5448498806291937,-0.448020734138006,0.09682914649118768,1.2036438091224624,0.6587939284932687,0.8573728230520661,-0.8571253842121442,1.0,runaway |Δ|=1.20m after last fix
