t_rel_s,signed_plane_m,v_cmd_along_plane,v_est_along_plane,v_cmd_lat,v_est_lat,v_cmd_vert,v_est_vert
0.0,0.9803793819887087,-1.0058449122102335,-0.9386376025559079,0.4,3.354793274706518,-0.7246156678017737,-0.07140310208422679
0.0199,0.9402025019680387,-2.1196019111019635,-1.1492045055970683,0.6860323930523101,3.3910187543477806,-1.2,-0.3021711745324987
0.0401,0.8895789902439666,-2.096004396136344,-1.5425945332420947,0.6486034186593663,3.436016952157966,-1.2,-0.7924639766933832
0.0603,0.8184273130638446,-1.9892502779248777,-1.999433329669912,0.5958979246965543,3.4912808332829797,-1.2,-1.2337466149707927
0.0802,0.7494108583292896,-1.823089774596795,-2.422281299062231,0.5424792019845388,3.5381918542629953,-1.2,-1.5667486016153576
0.0999,0.6869533412368884,-1.736536131819526,-2.5364454916621373,0.4937954406169005,3.583323305727625,-1.2,-1.5659294637556385
0.1198,0.6326349662370174,0.0,-2.385700138177796,0.0,3.628655669202874,0.0,-1.2419585827192892
