t_rel_s,signed_plane_m,v_cmd_along_plane,v_est_along_plane,v_cmd_lat,v_est_lat,v_cmd_vert,v_est_vert
0.0,0.9184150241598182,-0.9435923637315665,-0.40332722931854675,1.3748738630481672,2.0623545572885047,-0.533193225,0.35798462361310585
0.0184,0.8451943347947688,-0.9476545727887129,-0.14682895903631651,1.348910897241808,2.056473698181337,-0.559831575,0.629363319753484
0.0377,0.8015676322060932,-0.9643773722697444,-0.4924471731460306,1.3333286112216796,2.0425461298160665,-0.589806225,0.25531049667677247
0.0596,0.7797692057559138,-0.9778328770672479,-1.6190711898731678,1.3358485359650698,2.12323719368209,-0.622481025,-0.9630743573514897
0.078,0.7297498308097417,0.3758874270089914,-3.0016032564087762,-1.2,2.1077393585204427,-0.0,-2.461878737375153
