{
  "method": {
    "alignment": "first t[2] downward crossing through +1.0 m per commit-rooted approach",
    "plane_sign": "primary signed_plane = t[2]; secondary signed_plane_dot_n logged",
    "along_axis": "body-x command/estimate (controller forward)",
    "sampling": "setpoint ticks with state/detection forward-fill \u226440 ms",
    "margin_proxy": "0.8 m half-opening; aim-up unlogged",
    "slice_end": "continue through retreat/recover until s<-0.5, pass, collision, or 4s"
  },
  "approaches": [
    {
      "case": "stall_t2r1_B_run2",
      "cohort": "STALL",
      "approach": 1,
      "fixture": "fixtures/20260723T203357-raceprep-t2r1-B-run2",
      "t0_mono_ns": 515480642899300,
      "ticks": 15,
      "classification": "INCONCLUSIVE (needs UNLOGGED exit/predicate)",
      "classification_rationale": "final phase=recover, withdraw=False, rho=1.3608512624336826, closest_ahead=0.486 m, s_min_signed=0.48642551440903925.",
      "metrics": {
        "s_min_ahead_m": 0.48642551440903925,
        "s_min_signed_m": 0.48642551440903925,
        "closest_phase": "commit",
        "margins": {
          "s_plus_1_0": {
            "signed_plane_m": 0.9796167010476902,
            "lateral_m": 0.032423698899511334,
            "true_world_dz_m": 1.0427023194708653,
            "opening_off_m": 1.0432063186542961,
            "margin_lateral_m": 0.7675763011004887,
            "margin_vertical_m": -0.2427023194708653
          },
          "s_plus_0_5": {
            "signed_plane_m": 0.48642551440903925,
            "lateral_m": 0.0864422861076688,
            "true_world_dz_m": 0.4689446562489606,
            "opening_off_m": 0.47684521540220565,
            "margin_lateral_m": 0.7135577138923312,
            "margin_vertical_m": 0.33105534375103945
          },
          "closest": {
            "signed_plane_m": 0.48642551440903925,
            "lateral_m": 0.0864422861076688,
            "true_world_dz_m": 0.4689446562489606,
            "opening_off_m": 0.47684521540220565,
            "margin_lateral_m": 0.7135577138923312,
            "margin_vertical_m": 0.33105534375103945
          }
        },
        "tracking_ratio": {
          "mean_rho": 1.3608512624336826,
          "median_rho": 1.358619103984941,
          "fraction_rho_lt_0_5": 0.0,
          "n_ticks": 14
        },
        "closing": {
          "delta_s_final_0_5s_m": null,
          "cmd_along_at_closest_mps": 1.5443155920867573,
          "cmd_withdrew_before_closest": false,
          "withdrew_by_cmd_drop": false,
          "withdrew_by_phase": false
        },
        "vector_rotation": {
          "angle_deg_at_s_1m": 2.707899284012298,
          "angle_deg_at_closest": 11.930763877090454,
          "growth_deg": 9.222864593078157
        },
        "scoring_order_check": {
          "active_gate_increment_while_s_gt_0_2": false,
          "counter_increment_mono_ns": null,
          "last_signed_plane_before_increment_m": null,
          "plane_went_nonpositive": false
        }
      },
      "proxy_exit_cause": "COLLISION/HARD_SAFETY",
      "unlogged_backlog": [
        "commit_predicate_vector (per-conjunct booleans and sustain counter)",
        "speed_cap_mps and binding-rule source",
        "planner exit_cause enum (EXPIRED/DETECTION_LOST/CORRIDOR/MIN_DIST/etc.)",
        "logged approach-axis / gate-plane orientation convention",
        "logged opening dimensions and aim-up target"
      ]
    },
    {
      "case": "pass_r1k_off_run3",
      "cohort": "PASS",
      "approach": 1,
      "fixture": "fixtures/20260723T191736-raceprep-r1k-off-run3",
      "t0_mono_ns": 510888208651000,
      "ticks": 22,
      "classification": "D scoring-order",
      "classification_rationale": "gate index incremented while estimated plane stayed positive (last_s_before=0.24683438404436975, s_min_signed=0.24683438404436975). If result.json gates_passed>0 this is a scored pass with estimator still in front \u2014 scoring/estimate order, not a stall.",
      "metrics": {
        "s_min_ahead_m": 0.24683438404436975,
        "s_min_signed_m": 0.24683438404436975,
        "closest_phase": "retreat",
        "margins": {
          "s_plus_1_0": {
            "signed_plane_m": 0.9820383963549756,
            "lateral_m": 0.07972615859706635,
            "true_world_dz_m": 0.6324468213596557,
            "opening_off_m": 0.6374521489591017,
            "margin_lateral_m": 0.7202738414029337,
            "margin_vertical_m": 0.16755317864034436
          },
          "s_plus_0_5": {
            "signed_plane_m": 0.501420934525463,
            "lateral_m": 0.19861240632503457,
            "true_world_dz_m": 0.35624060851363903,
            "opening_off_m": 0.40786549143116835,
            "margin_lateral_m": 0.6013875936749655,
            "margin_vertical_m": 0.443759391486361
          },
          "closest": {
            "signed_plane_m": 0.24683438404436975,
            "lateral_m": 0.1683243508894604,
            "true_world_dz_m": 0.11957400948063639,
            "opening_off_m": 0.20647283319030985,
            "margin_lateral_m": 0.6316756491105396,
            "margin_vertical_m": 0.6804259905193637
          },
          "last_certified_detection": {
            "signed_plane_m": 15.595319624837959,
            "lateral_m": -11.593724742588442,
            "true_world_dz_m": 18.060908451451127,
            "opening_off_m": 21.461846786765722,
            "margin_lateral_m": -10.793724742588442,
            "margin_vertical_m": -17.260908451451126
          }
        },
        "tracking_ratio": {
          "mean_rho": 1.5894295921417314,
          "median_rho": 1.5894295921417314,
          "fraction_rho_lt_0_5": 0.0,
          "n_ticks": 1
        },
        "closing": {
          "delta_s_final_0_5s_m": 14.613281228482984,
          "cmd_along_at_closest_mps": -1.2,
          "cmd_withdrew_before_closest": true,
          "withdrew_by_cmd_drop": true,
          "withdrew_by_phase": true
        },
        "vector_rotation": {
          "angle_deg_at_s_1m": 6.672903619637553,
          "angle_deg_at_closest": 180.0,
          "growth_deg": 173.32709638036243
        },
        "scoring_order_check": {
          "active_gate_increment_while_s_gt_0_2": true,
          "counter_increment_mono_ns": 510888613945600,
          "last_signed_plane_before_increment_m": 0.24683438404436975,
          "plane_went_nonpositive": false
        }
      },
      "proxy_exit_cause": "PASSED",
      "unlogged_backlog": [
        "commit_predicate_vector (per-conjunct booleans and sustain counter)",
        "speed_cap_mps and binding-rule source",
        "planner exit_cause enum (EXPIRED/DETECTION_LOST/CORRIDOR/MIN_DIST/etc.)",
        "logged approach-axis / gate-plane orientation convention",
        "logged opening dimensions and aim-up target"
      ]
    },
    {
      "case": "pass_r1k_off_run3",
      "cohort": "PASS",
      "approach": 2,
      "fixture": "fixtures/20260723T191736-raceprep-r1k-off-run3",
      "t0_mono_ns": 510891926745100,
      "ticks": 46,
      "classification": "POST_PASS_OR_PHANTOM_CROSS",
      "classification_rationale": "plane went non-positive (s_min_signed=-0.506 m) without a race-counter event in-window \u2014 post-pass DR or phantom cross.",
      "metrics": {
        "s_min_ahead_m": 0.02745043882966341,
        "s_min_signed_m": -0.5061385850895675,
        "closest_phase": "retreat",
        "margins": {
          "s_plus_1_0": {
            "signed_plane_m": 0.9944477382615157,
            "lateral_m": -0.5429916392041558,
            "true_world_dz_m": 1.1619334808575528,
            "opening_off_m": 1.28254798513871,
            "margin_lateral_m": 0.2570083607958442,
            "margin_vertical_m": -0.3619334808575527
          },
          "s_plus_0_5": {
            "signed_plane_m": 0.5232122866740864,
            "lateral_m": -0.35222393034970206,
            "true_world_dz_m": 0.6045454130602586,