{
  "method": {
    "alignment": "first forward-positive signed-plane crossing through +1.0 m per contiguous near/approach segment",
    "plane_sign": "unit PnP normal, reoriented to camera-forward positive; t[2] fallback",
    "sampling": "setpoint/control ticks with state/detection forward-fill no older than 20 ms",
    "margin_proxy": "0.8 m half-opening, lateral=t[0], vertical=true_world_dz; aim-up is unlogged"
  },
  "approaches": [
    {
      "case": "stall_t2r1_B_run2",
      "cohort": "STALL",
      "approach": 1,
      "fixture": "fixtures/20260723T203357-raceprep-t2r1-B-run2",
      "t0_mono_ns": 515480487216500,
      "ticks": 22,
      "classification": "A command-withdrawal (proxy)",
      "classification_rationale": "no logged exit enum/predicate vector; final phase=commit, withdraw=False, rho=None, s_min=0.488 m.",
      "metrics": {
        "s_min_m": 0.4883969937103087,
        "closest_phase": "commit",
        "margins": {
          "s_plus_1_0": {
            "signed_plane_m": 0.9880514263184267,
            "lateral_m": -0.048674628653818296,
            "true_world_dz_m": 1.307984031179604,
            "opening_off_m": 1.308889393835642,
            "margin_lateral_m": 0.7513253713461817,
            "margin_vertical_m": -0.507984031179604
          },
          "s_plus_0_5": {
            "signed_plane_m": 0.4883969937103087,
            "lateral_m": 0.0864422861076688,
            "true_world_dz_m": 0.4689446562489606,
            "opening_off_m": 0.47684521540220565,
            "margin_lateral_m": 0.7135577138923312,
            "margin_vertical_m": 0.33105534375103945
          },
          "closest": {
            "signed_plane_m": 0.4883969937103087,
            "lateral_m": 0.0864422861076688,
            "true_world_dz_m": 0.4689446562489606,
            "opening_off_m": 0.47684521540220565,
            "margin_lateral_m": 0.7135577138923312,
            "margin_vertical_m": 0.33105534375103945
          },
          "last_certified_detection": {
            "signed_plane_m": 0.9828830087055926,
            "lateral_m": -0.11864202679603564,
            "true_world_dz_m": 1.3448066440500317,
            "opening_off_m": 1.350029940558127,
            "margin_lateral_m": 0.6813579732039644,
            "margin_vertical_m": -0.5448066440500317
          }
        },
        "tracking_ratio": {
          "mean_rho": null,
          "median_rho": null,
          "fraction_rho_lt_0_5": null,
          "n_ticks": 0
        },
        "closing": {
          "delta_s_final_0_5s_m": -0.49448601499528394,
          "cmd_along_at_closest_mps": -0.34856984450060785,
          "cmd_withdrew_before_closest": false
        },
        "vector_rotation": {
          "angle_deg_at_s_1m": 13.40354160729157,
          "angle_deg_at_closest": 15.222890141989252,
          "growth_deg": 1.8193485346976814
        },
        "scoring_order_check": {
          "active_gate_increment_while_s_gt_0_2": false,
          "counter_increment_mono_ns": null,
          "last_signed_plane_before_increment_m": null
        }
      },
      "proxy_exit_cause": "NONE",
      "unlogged_backlog": [
        "commit_predicate_vector (per-conjunct booleans and sustain counter)",
        "speed_cap_mps and binding-rule source",
        "planner exit_cause enum (EXPIRED/DETECTION_LOST/CORRIDOR/MIN_DIST/etc.)",
        "logged approach-axis / gate-plane orientation convention",
        "logged opening dimensions and aim-up target"
      ]
    },
    {
      "case": "pass_r1k_off_run3",
      "cohort": "PASS",
      "approach": 1,
      "fixture": "fixtures/20260723T191736-raceprep-r1k-off-run3",
      "t0_mono_ns": 510888149007200,
      "ticks": 5,
      "classification": "D scoring-order",
      "classification_rationale": "gate index incremented before crossing (s_min=0.730 m).",
      "metrics": {
        "s_min_m": 0.7297498308097417,
        "closest_phase": "retreat",
        "margins": {
          "s_plus_1_0": {
            "signed_plane_m": 0.9184150241598182,
            "lateral_m": 0.09093522169830959,
            "true_world_dz_m": 0.6929292303509862,
            "opening_off_m": 0.6988706123597778,
            "margin_lateral_m": 0.7090647783016905,
            "margin_vertical_m": 0.10707076964901385
          },
          "s_plus_0_5": {
            "signed_plane_m": 0.7297498308097417,
            "lateral_m": 0.10246351673080818,
            "true_world_dz_m": 0.6135731341684393,
            "opening_off_m": 0.6220697414551895,
            "margin_lateral_m": 0.6975364832691918,
            "margin_vertical_m": 0.18642686583156076
          },
          "closest": {
            "signed_plane_m": 0.7297498308097417,
            "lateral_m": 0.10246351673080818,
            "true_world_dz_m": 0.6135731341684393,
            "opening_off_m": 0.6220697414551895,
            "margin_lateral_m": 0.6975364832691918,
            "margin_vertical_m": 0.18642686583156076
          },
          "last_certified_detection": {
            "signed_plane_m": 0.7797692057559138,
            "lateral_m": 0.07972615859706635,
            "true_world_dz_m": 0.6324468213596557,
            "opening_off_m": 0.6374521489591017,
            "margin_lateral_m": 0.7202738414029337,
            "margin_vertical_m": 0.16755317864034436
          }
        },
        "tracking_ratio": {
          "mean_rho": -7.985378176368151,
          "median_rho": -7.985378176368151,
          "fraction_rho_lt_0_5": 1.0,
          "n_ticks": 1
        },
        "closing": {
          "delta_s_final_0_5s_m": -0.1886651933500766,
          "cmd_along_at_closest_mps": 0.3758874270089914,
          "cmd_withdrew_before_closest": true
        },
        "vector_rotation": {
          "angle_deg_at_s_1m": 156.85339841257763,
          "angle_deg_at_closest": 26.00598728916724,
          "growth_deg": -130.84741112341038
        },
        "scoring_order_check": {
          "active_gate_increment_while_s_gt_0_2": true,
          "counter_increment_mono_ns": 510888613945600,
          "last_signed_plane_before_increment_m": 0.7297498308097417
        }
      },
      "proxy_exit_cause": "RETREAT",
      "unlogged_backlog": [
        "commit_predicate_vector (per-conjunct booleans and sustain counter)",
        "speed_cap_mps and binding-rule source",
        "planner exit_cause enum (EXPIRED/DETECTION_LOST/CORRIDOR/MIN_DIST/etc.)",
        "logged approach-axis / gate-plane orientation convention",
        "logged opening dimensions and aim-up target"
      ]
    },
    {
      "case": "pass_r1k_off_run3",
      "cohort": "PASS",
      "approach": 2,
      "fixture": "fixtures/20260723T191736-raceprep-r1k-off-run3",
      "t0_mono_ns": 510891746855700,
      "ticks": 11,
      "classification": "A command-withdrawal",
      "classification_rationale": "withdraw=True; rho=1.4166721450581676; phase tail=retreat; s_min=0.665 m.",
      "metrics": {
        "s_min_m": 0.664596155684572,
        "closest_phase": "retreat",
        "margins": {
          "s_plus_1_0": {
            "signed_plane_m": 0.9704385324561967,
            "lateral_m": -0.6383038525946221,
            "true_world_dz_m": 1.4801845319009421,
            "opening_off_m": 1.6119485279362826,
            "margin_lateral_m": 0.16169614740537797,
            "margin_vertical_m": -0.6801845319009421
          },
          "s_plus_0_5": {
            "signed_plane_m": 0.664596155684572,
            "lateral_m": -0.49318963538922134,
            "true_world_dz_m": 1.0932404117601298,
            "opening_off_m": 1.199337573146448,
            "margin_lateral_m": 0.3068103646107787,
            "margin_vertical_m": -0.2932404117601297
          },
          "closest": {
            "signed_plane_m": 0.664596155684572,
            "lateral_m": -0.49318963538922134,
            "true_world_dz_m": 1.0932404117601298,
            "opening_off_m": 1.199337573146448,
            "margin_lateral_m": 0.3068103646107787,