{
  "finished": false,
  "aborted": true,
  "abort_reason": "environment collision (impulse=3.4)",
  "gates_passed": 0,
  "lap_time_s": null,
  "gate_clips": 0,
  "env_hits": 15,
  "duration_s": 13.839982800011057,
  "loop_overrun_frac": 0.012138728323699421,
  "loop_stats": {
    "ticks": 3460,
    "overruns": 42,
    "overrun_frac": 0.012138728323699421,
    "max_late_us": 6269
  },
  "flight_id": "20260721T193718-0308865a",
  "log_dir": "logs\\20260721T193718-0308865a"
}