{
  "finished": false,
  "aborted": true,
  "abort_reason": "stale channels: frame(0.504s)",
  "gates_passed": 0,
  "lap_time_s": null,
  "gate_clips": 1,
  "env_hits": 0,
  "duration_s": 52.58002500003204,
  "loop_overrun_frac": 0.006542411563332066,
  "loop_stats": {
    "ticks": 13145,
    "overruns": 86,
    "overrun_frac": 0.006542411563332066,
    "max_late_us": 9140
  },
  "flight_id": "20260723T223135-01330cb1",
  "log_dir": "logs\\20260723T223135-01330cb1"
}