{
  "finished": false,
  "aborted": true,
  "abort_reason": "environment collision (impulse=1.5)",
  "gates_passed": 0,
  "lap_time_s": null,
  "gate_clips": 0,
  "env_hits": 2,
  "duration_s": 13.291995800012955,
  "loop_overrun_frac": 0.006018657839301836,
  "loop_stats": {
    "ticks": 3323,
    "overruns": 20,
    "overrun_frac": 0.006018657839301836,
    "max_late_us": 7738
  },
  "flight_id": "20260720T071220-5b501b4c",
  "log_dir": "logs\\20260720T071220-5b501b4c"
}