{
  "finished": false,
  "aborted": true,
  "abort_reason": "environment collision (impulse=1.1)",
  "gates_passed": 0,
  "lap_time_s": null,
  "gate_clips": 0,
  "env_hits": 3,
  "duration_s": 7.159994099987671,
  "loop_overrun_frac": 0.0016759776536312849,
  "loop_stats": {
    "ticks": 1790,
    "overruns": 3,
    "overrun_frac": 0.0016759776536312849,
    "max_late_us": 2714
  },
  "flight_id": "20260720T071333-cd18c5fb",
  "log_dir": "logs\\20260720T071333-cd18c5fb"
}