{
  "finished": false,
  "aborted": true,
  "abort_reason": "environment collision (impulse=6.4)",
  "gates_passed": 0,
  "lap_time_s": null,
  "gate_clips": 0,
  "env_hits": 1,
  "duration_s": 19.83202730002813,
  "loop_overrun_frac": 0.013110125050423558,
  "loop_stats": {
    "ticks": 4958,
    "overruns": 65,
    "overrun_frac": 0.013110125050423558,
    "max_late_us": 12372
  },
  "flight_id": "20260723T054800-d34a5ff2",
  "log_dir": "logs\\20260723T054800-d34a5ff2"
}