{
  "finished": false,
  "aborted": true,
  "abort_reason": "environment collision (impulse=1.7)",
  "gates_passed": 0,
  "lap_time_s": null,
  "gate_clips": 1,
  "env_hits": 52,
  "duration_s": 14.860010400007013,
  "loop_overrun_frac": 0.057065948855989236,
  "loop_stats": {
    "ticks": 3715,
    "overruns": 212,
    "overrun_frac": 0.057065948855989236,
    "max_late_us": 16097
  },
  "flight_id": "20260720T134522-9aa0ef5c",
  "log_dir": "logs\\20260720T134522-9aa0ef5c"
}