{
  "finished": false,
  "aborted": true,
  "abort_reason": "environment collision (impulse=4.7)",
  "gates_passed": 0,
  "lap_time_s": null,
  "gate_clips": 1,
  "env_hits": 2,
  "duration_s": 20.778942799952347,
  "loop_overrun_frac": 0.06991525423728813,
  "loop_stats": {
    "ticks": 5192,
    "overruns": 363,
    "overrun_frac": 0.06991525423728813,
    "max_late_us": 17082
  },
  "flight_id": "20260723T063700-5db07c76",
  "log_dir": "logs\\20260723T063700-5db07c76"
}