{
  "finished": false,
  "aborted": true,
  "abort_reason": "environment collision (impulse=2.9)",
  "gates_passed": 0,
  "lap_time_s": null,
  "gate_clips": 0,
  "env_hits": 2,
  "duration_s": 16.024154099985026,
  "loop_overrun_frac": 0.0022466300549176237,
  "loop_stats": {
    "ticks": 4006,
    "overruns": 9,
    "overrun_frac": 0.0022466300549176237,
    "max_late_us": 5915
  },
  "flight_id": "20260723T055048-d34a5ff2",
  "log_dir": "logs\\20260723T055048-d34a5ff2"
}