{
  "params": {
    "control.att_rate.hover_thrust": 0.4872553517555112,
    "control.att_rate.tilt_max_rad": 0.4919919446274588,
    "control.att_rate.vel_i": 0.1971306369154902,
    "control.att_rate.vel_p": 0.31122594064937564,
    "control.att_rate.vz_i": 0.41338897812125247,
    "control.att_rate.vz_p": 1.2184746417650334,
    "planner.align.max_dz_m": 0.46834367747348,
    "planner.approach.reacquire_max_m": 9.885819024819634,
    "planner.commit.abort_min_dist_m": 1.1618975201387252
  },
  "score": 189.781,
  "seed": 20260720
}
