{
  "finished": false,
  "aborted": true,
  "abort_reason": "gate clip budget exceeded (11)",
  "gates_passed": 0,
  "lap_time_s": null,
  "gate_clips": 11,
  "env_hits": 0,
  "duration_s": 7.760038200009149,
  "loop_overrun_frac": 0.06134020618556701,
  "loop_stats": {
    "ticks": 1940,
    "overruns": 119,
    "overrun_frac": 0.06134020618556701,
    "max_late_us": 17060
  },
  "flight_id": "20260723T112548-1d8b4339",
  "log_dir": "logs\\20260723T112548-1d8b4339"
}