{
  "finished": false,
  "aborted": true,
  "abort_reason": "max duration",
  "gates_passed": 0,
  "lap_time_s": null,
  "gate_clips": 0,
  "env_hits": 0,
  "duration_s": 300.00037759996485,
  "loop_overrun_frac": 2.6666666666666667e-05,
  "loop_stats": {
    "ticks": 75000,
    "overruns": 2,
    "overrun_frac": 2.6666666666666667e-05,
    "max_late_us": 1793
  },
  "flight_id": "20260716T154201-927a4c97",
  "log_dir": "logs\\20260716T154201-927a4c97"
}