{
  "finished": false,
  "aborted": true,
  "abort_reason": "environment collision (impulse=1.8)",
  "gates_passed": 0,
  "lap_time_s": null,
  "gate_clips": 0,
  "env_hits": 2,
  "duration_s": 12.62799999996787,
  "loop_overrun_frac": 0.019955654101995565,
  "loop_stats": {
    "ticks": 3157,
    "overruns": 63,
    "overrun_frac": 0.019955654101995565,
    "max_late_us": 16636
  },
  "flight_id": "20260722T165217-6e574afc",
  "log_dir": "logs\\20260722T165217-6e574afc"
}