{
  "finished": false,
  "aborted": true,
  "abort_reason": "stale channels: imu",
  "gates_passed": 0,
  "lap_time_s": null,
  "gate_clips": 0,
  "env_hits": 0,
  "duration_s": 46.29200459999265,
  "loop_overrun_frac": 0.009159249978397996,
  "loop_stats": {
    "ticks": 11573,
    "overruns": 106,
    "overrun_frac": 0.009159249978397996,
    "max_late_us": 13885
  },
  "flight_id": "20260723T204129-c789aedf",
  "log_dir": "logs\\20260723T204129-c789aedf"
}