{
  "finished": false,
  "aborted": true,
  "abort_reason": "environment collision (impulse=7.3)",
  "gates_passed": 0,
  "lap_time_s": null,
  "gate_clips": 1,
  "env_hits": 1,
  "duration_s": 11.996039799996652,
  "loop_overrun_frac": 0.05035011670556852,
  "loop_stats": {
    "ticks": 2999,
    "overruns": 151,
    "overrun_frac": 0.05035011670556852,
    "max_late_us": 17027
  },
  "flight_id": "20260722T141839-1d8b4339",
  "log_dir": "logs\\20260722T141839-1d8b4339"
}