{
  "finished": false,
  "aborted": true,
  "abort_reason": "environment collision (impulse=1.8)",
  "gates_passed": 0,
  "lap_time_s": null,
  "gate_clips": 0,
  "env_hits": 4,
  "duration_s": 16.664014400012093,
  "loop_overrun_frac": 0.034325492078732596,
  "loop_stats": {
    "ticks": 4166,
    "overruns": 143,
    "overrun_frac": 0.034325492078732596,
    "max_late_us": 16543
  },
  "flight_id": "20260719T173427-50f9dcc8",
  "log_dir": "logs\\20260719T173427-50f9dcc8"
}