{
  "finished": false,
  "aborted": true,
  "abort_reason": "environment collision (impulse=17.0)",
  "gates_passed": 0,
  "lap_time_s": null,
  "gate_clips": 0,
  "env_hits": 1,
  "duration_s": 14.612009100004798,
  "loop_overrun_frac": 0.009033670955379141,
  "loop_stats": {
    "ticks": 3653,
    "overruns": 33,
    "overrun_frac": 0.009033670955379141,
    "max_late_us": 17587
  },
  "flight_id": "20260719T173050-f170ead6",
  "log_dir": "logs\\20260719T173050-f170ead6"
}