{
  "finished": false,
  "aborted": true,
  "abort_reason": "environment collision (impulse=1.2)",
  "gates_passed": 0,
  "lap_time_s": null,
  "gate_clips": 0,
  "env_hits": 3,
  "duration_s": 11.700039900024422,
  "loop_overrun_frac": 0.011623931623931624,
  "loop_stats": {
    "ticks": 2925,
    "overruns": 34,
    "overrun_frac": 0.011623931623931624,
    "max_late_us": 8070
  },
  "flight_id": "20260723T054003-d34a5ff2",
  "log_dir": "logs\\20260723T054003-d34a5ff2"
}