{
  "ask": "A8 verification riders (advisory-10)",
  "n_contacts_total": 11,
  "n_valid_at_contact": 11,
  "n_rejected_source": 0,
  "rejection_reasons": {},
  "identity_of_0p62": {
    "published_h_drone": 0.62,
    "is_mean_of_0p8_minus_true_dz": true,
    "is_max_clearance_deficit_of_original": true,
    "original_proxy_scatter": {
      "n": 11,
      "max": 1.2980258027294378,
      "min": -0.6221841679529236,
      "mean": 0.6472697216622546,
      "std": 0.7983558691811302,
      "median": 1.1804948575165488,
      "p10": -0.6221841679529236,
      "p90": 1.2507131011364403,
      "values": [
        0.6255885044896543,
        1.2507131011364403,
        1.2507131011364403,
        1.2507131011364403,
        -0.6221841679529236,
        -0.6221841679529236,
        -0.6221841679529236,
        1.1804948575165488,
        1.1804948575165488,
        0.9497761164820613,
        1.2980258027294378
      ]
    },
    "original_max_deficit": 0.6221841679529236,
    "n_original_from_far_state": 3,
    "ruling": "Published 0.62 \u2248 mean(0.8\u2212true_dz)=0.6472697216622546 AND \u2248 max(deficit)=0.6221841679529236 from the ORIGINAL series. Advisory-8B: clamp from the MAX of (0.8\u2212true_dz) (MAX=1.2980258027294378) \u2014 but that statistic mixes LOW grazes (large positive proxy) with HIGH grazes; physical vertical half-extent is max(deficit)=max(0, true_dz\u22120.8). 3 of 11 original true_dz samples used R_state>2.5m (far belief). Contact-valid repair drops those HIGH outliers \u2192 h_drone_contact_valid may be 0 \u2014 published 0.62 is then UNSUPPORTED at contact geometry."
  },
  "contact_valid_proxy_0p8_minus_true_dz": {
    "n": 11,
    "max": 1.2980258027294378,
    "min": 0.6255885044896543,
    "mean": 1.1387828398937077,
    "std": 0.18355562853615212,
    "median": 1.1804948575165488,
    "p10": 0.9497761164820613,
    "p90": 1.2507131011364403,
    "values": [
      0.6255885044896543,
      1.2507131011364403,
      1.2507131011364403,
      1.2507131011364403,
      1.1800305988957374,
      1.1800305988957374,
      1.1800305988957374,
      1.1804948575165488,
      1.1804948575165488,
      0.9497761164820613,
      1.2980258027294378
    ]
  },
  "h_drone_contact_valid_m": 0.0,
  "h_drone_raw_recompute_m": 0.0,
  "chain_implication": {
    "C_contact_from_published": 0.18000000000000005,
    "C_contact_from_contact_valid_h": 0.8,
    "if_max_proxy_governed_wrongly": 1.2980258027294378,
    "note": "Clearance is worst-case: h_drone = max deficit among CONTACT-valid grazes; MAX of (0.8-dz) is a different statistic (includes low-side grazes) and must NOT be read as h_drone."
  },
  "contacts": [
    {
      "flight": "phase6d_F1",
      "fid": "20260719T134326-2477345e",
      "t_ff": 7.8853539,
      "impulse": 0.3817649781703949,
      "threat_level": 1,
      "true_dz_original": 0.1744114955103457,
      "true_dz_at_contact": 0.1744114955103457,
      "true_dz_raw_recompute": 0.1744114955103457,
      "proxy_0p8_minus_true_dz": 0.6255885044896543,
      "proxy_raw": 0.6255885044896543,
      "clearance_deficit": 0.0,
      "clearance_deficit_raw": 0.0,
      "source": "state_fresh_near",
      "valid_at_contact": true,
      "age_at_state": 0.103434816,
      "R_state": 0.4984985687250898,
      "R_det": 0.9017970389989671,
      "dt_state": 0.008933200000000419,
      "ty_state": -0.051779898758282886,
      "ty_det": -0.7489570717260996
    },
    {
      "flight": "phase6d_F1",
      "fid": "20260719T134326-2477345e",
      "t_ff": 7.8923725,
      "impulse": 0.8577589988708496,
      "threat_level": 1,
      "true_dz_original": -0.45071310113644025,
      "true_dz_at_contact": -0.45071310113644025,
      "true_dz_raw_recompute": -0.45071310113644025,
      "proxy_0p8_minus_true_dz": 1.2507131011364403,
      "proxy_raw": 1.2507131011364403,
      "clearance_deficit": 0.0,
      "clearance_deficit_raw": 0.0,
      "source": "det_near_plus_att",
      "valid_at_contact": true,
      "age_at_state": Infinity,
      "R_state": null,
      "R_det": 0.9017970389989671,
      "dt_state": 0.0035431000000007984,
      "ty_state": null,
      "ty_det": -0.7489570717260996
    },
    {
      "flight": "phase6d_F1",
      "fid": "20260719T134326-2477345e",
      "t_ff": 7.9036503,
      "impulse": 0.8469246625900269,
      "threat_level": 1,
      "true_dz_original": -0.45071310113644025,
      "true_dz_at_contact": -0.45071310113644025,
      "true_dz_raw_recompute": -0.45071310113644025,
      "proxy_0p8_minus_true_dz": 1.2507131011364403,
      "proxy_raw": 1.2507131011364403,
      "clearance_deficit": 0.0,
      "clearance_deficit_raw": 0.0,
      "source": "det_near_plus_att",
      "valid_at_contact": true,
      "age_at_state": Infinity,
      "R_state": null,
      "R_det": 0.9017970389989671,
      "dt_state": 0.007734699999999428,
      "ty_state": null,
      "ty_det": -0.7489570717260996
    },
    {
      "flight": "phase6d_F1",
      "fid": "20260719T134326-2477345e",
      "t_ff": 7.9036881,
      "impulse": 0.3792891502380371,
      "threat_level": 1,
      "true_dz_original": -0.45071310113644025,
      "true_dz_at_contact": -0.45071310113644025,
      "true_dz_raw_recompute": -0.45071310113644025,
      "proxy_0p8_minus_true_dz": 1.2507131011364403,
      "proxy_raw": 1.2507131011364403,
      "clearance_deficit": 0.0,
      "clearance_deficit_raw": 0.0,
      "source": "det_near_plus_att",
      "valid_at_contact": true,
      "age_at_state": Infinity,
      "R_state": null,
      "R_det": 0.9017970389989671,
      "dt_state": 0.007772499999999738,
      "ty_state": null,
      "ty_det": -0.7489570717260996
    },
    {
      "flight": "phase6d_F1",
      "fid": "20260719T134326-2477345e",
      "t_ff": 7.9060436,
      "impulse": 0.11864551901817322,
      "threat_level": 1,
      "true_dz_original": 1.4221841679529237,
      "true_dz_at_contact": -0.3800305988957373,
      "true_dz_raw_recompute": -0.3800305988957373,
      "proxy_0p8_minus_true_dz": 1.1800305988957374,
      "proxy_raw": 1.1800305988957374,
      "clearance_deficit": 0.0,
      "clearance_deficit_raw": 0.0,
      "source": "det_near_plus_att",
      "valid_at_contact": true,
      "age_at_state": 0.0,
      "R_state": 5.216316997102561,
      "R_det": 0.9017970389989671,
      "dt_state": 0.009952900000000042,
      "ty_state": -1.5554441946848327,
      "ty_det": -0.7489570717260996
    },
    {
      "flight": "phase6d_F1",
      "fid": "20260719T134326-2477345e",
      "t_ff": 7.9137585,
      "impulse": 0.0808098316192627,
      "threat_level": 1,
      "true_dz_original": 1.4221841679529237,
      "true_dz_at_contact": -0.3800305988957373,
      "true_dz_raw_recompute": -0.3800305988957373,
      "proxy_0p8_minus_true_dz": 1.1800305988957374,
      "proxy_raw": 1.1800305988957374,
      "clearance_deficit": 0.0,
      "clearance_deficit_raw": 0.0,
      "source": "det_near_plus_att",
      "valid_at_contact": true,
      "age_at_state": 0.0,
      "R_state": 5.216316997102561,
      "R_det": 0.9017970389989671,
      "dt_state": 0.0022380000000001843,
      "ty_state": -1.5554441946848327,
      "ty_det": -0.7489570717260996
    },
    {
      "flight": "phase6d_F1",
      "fid": "20260719T134326-2477345e",
      "t_ff": 7.9201064,
      "impulse": 0.07361356914043427,
      "threat_level": 1,
      "true_dz_original": 1.4221841679529237,
      "true_dz_at_contact": -0.3800305988957373,
      "true_dz_raw_recompute": -0.3800305988957373,
      "proxy_0p8_minus_true_dz": 1.1800305988957374,
      "proxy_raw": 1.1800305988957374,
      "clearance_deficit": 0.0,
      "clearance_deficit_raw": 0.0,
      "source": "det_near_plus_att",
      "valid_at_contact": true,
      "age_at_state": 0.0,
      "R_state": 5.216316997102561,
      "R_det": 0.9017970389989671,
      "dt_state": 0.004109899999999556,
      "ty_state": -1.5554441946848327,
      "ty_det": -0.7489570717260996
    },
    {
      "flight": "phase6d_F1",