{
  "finished": false,
  "aborted": true,
  "abort_reason": "environment collision (impulse=5.4)",
  "gates_passed": 0,
  "lap_time_s": null,
  "gate_clips": 0,
  "env_hits": 17,
  "duration_s": 13.32800150004914,
  "loop_overrun_frac": 0.02100840336134454,
  "loop_stats": {
    "ticks": 3332,
    "overruns": 70,
    "overrun_frac": 0.02100840336134454,
    "max_late_us": 18213
  },
  "flight_id": "20260723T062657-5db07c76",
  "log_dir": "logs\\20260723T062657-5db07c76"
}