{
  "finished": false,
  "aborted": true,
  "abort_reason": "environment collision (impulse=2.8)",
  "gates_passed": 0,
  "lap_time_s": null,
  "gate_clips": 0,
  "env_hits": 5,
  "duration_s": 29.92407219996676,
  "loop_overrun_frac": 0.008287662077262397,
  "loop_stats": {
    "ticks": 7481,
    "overruns": 62,
    "overrun_frac": 0.008287662077262397,
    "max_late_us": 7135
  },
  "flight_id": "20260723T182031-c789aedf",
  "log_dir": "logs\\20260723T182031-c789aedf"
}