{
  "finished": false,
  "aborted": true,
  "abort_reason": "environment collision (impulse=11.8)",
  "gates_passed": 1,
  "lap_time_s": null,
  "gate_clips": 3,
  "env_hits": 133,
  "duration_s": 18.707989000016823,
  "loop_overrun_frac": 0.011332050459696387,
  "loop_stats": {
    "ticks": 4677,
    "overruns": 53,
    "overrun_frac": 0.011332050459696387,
    "max_late_us": 7374
  },
  "flight_id": "20260722T055035-1d8b4339",
  "log_dir": "logs\\20260722T055035-1d8b4339"
}