{
  "finished": false,
  "aborted": true,
  "abort_reason": "environment collision (impulse=4.1)",
  "gates_passed": 1,
  "lap_time_s": null,
  "gate_clips": 0,
  "env_hits": 1,
  "duration_s": 13.899988799996208,
  "loop_overrun_frac": 0.02964028776978417,
  "loop_stats": {
    "ticks": 3475,
    "overruns": 103,
    "overrun_frac": 0.02964028776978417,
    "max_late_us": 17488
  },
  "flight_id": "20260721T193439-0308865a",
  "log_dir": "logs\\20260721T193439-0308865a"
}