{
  "finished": false,
  "aborted": true,
  "abort_reason": "environment collision (impulse=13.8)",
  "gates_passed": 0,
  "lap_time_s": null,
  "gate_clips": 0,
  "env_hits": 1,
  "duration_s": 15.388805199996568,
  "loop_overrun_frac": 0.03692147685907436,
  "loop_stats": {
    "ticks": 3846,
    "overruns": 142,
    "overrun_frac": 0.03692147685907436,
    "max_late_us": 13335
  },
  "flight_id": "20260722T165452-6e574afc",
  "log_dir": "logs\\20260722T165452-6e574afc"
}