{
  "finished": false,
  "aborted": true,
  "abort_reason": "environment collision (impulse=4.8)",
  "gates_passed": 1,
  "lap_time_s": null,
  "gate_clips": 0,
  "env_hits": 32,
  "duration_s": 15.747986700036563,
  "loop_overrun_frac": 0.013716027432054865,
  "loop_stats": {
    "ticks": 3937,
    "overruns": 54,
    "overrun_frac": 0.013716027432054865,
    "max_late_us": 11005
  },
  "flight_id": "20260721T193836-35277268",
  "log_dir": "logs\\20260721T193836-35277268"
}