{
  "finished": false,
  "aborted": true,
  "abort_reason": "environment collision (impulse=1.4)",
  "gates_passed": 0,
  "lap_time_s": null,
  "gate_clips": 0,
  "env_hits": 2,
  "duration_s": 12.12812860001577,
  "loop_overrun_frac": 0.016490765171503958,
  "loop_stats": {
    "ticks": 3032,
    "overruns": 50,
    "overrun_frac": 0.016490765171503958,
    "max_late_us": 9709
  },
  "flight_id": "20260721T194118-35277268",
  "log_dir": "logs\\20260721T194118-35277268"
}