{
  "finished": false,
  "aborted": true,
  "abort_reason": "stale channels: imu(0.252s)",
  "gates_passed": 1,
  "lap_time_s": null,
  "gate_clips": 0,
  "env_hits": 0,
  "duration_s": 39.18400639999891,
  "loop_overrun_frac": 0.007349938750510413,
  "loop_stats": {
    "ticks": 9796,
    "overruns": 72,
    "overrun_frac": 0.007349938750510413,
    "max_late_us": 10161
  },
  "flight_id": "20260723T220511-82efa9c1",
  "log_dir": "logs\\20260723T220511-82efa9c1"
}