{
  "finished": false,
  "aborted": true,
  "abort_reason": "gate clip budget exceeded (11)",
  "gates_passed": 0,
  "lap_time_s": null,
  "gate_clips": 11,
  "env_hits": 0,
  "duration_s": 7.275984299951233,
  "loop_overrun_frac": 0.019241341396371632,
  "loop_stats": {
    "ticks": 1819,
    "overruns": 35,
    "overrun_frac": 0.019241341396371632,
    "max_late_us": 12810
  },
  "flight_id": "20260723T062923-5db07c76",
  "log_dir": "logs\\20260723T062923-5db07c76"
}