{
  "commit": "8cd67fa41240f5c3f6e289ebea5837a911a32234",
  "non_tuning_delta_from_source": [],
  "p4_rows": [
    {
      "accepted_full_fixes": 81,
      "arm": "detector_only",
      "center_only_detections": 6,
      "feature_delivery_age_p95_ms": 1.4084999857004732,
      "feature_delivery_age_p99_ms": 1.48513998137787,
      "feature_rows": 81,
      "flight": "F2",
      "flight_id": "20260720T071112-cd18c5fb",
      "frame_process_max_ms": 3.769299975829199,
      "frame_process_mean_ms": 1.3065964542081618,
      "frame_process_p95_ms": 1.5053999959491193,
      "frame_process_p99_ms": 1.6559600015170863,
      "full_feature_rows": 81,
      "full_fixes": 125,
      "side_rows": 0,
      "tracker_fallback_rows": 0,
      "unique_exposures": 141
    },
    {
      "accepted_full_fixes": 81,
      "arm": "parallel_tracker",
      "center_only_detections": 6,
      "feature_delivery_age_p95_ms": 8.229914991534315,
      "feature_delivery_age_p99_ms": 8.467645990895107,
      "feature_rows": 108,
      "flight": "F2",
      "flight_id": "20260720T071112-cd18c5fb",
      "frame_process_max_ms": 12.222599994856864,
      "frame_process_mean_ms": 2.9240702130296765,
      "frame_process_p95_ms": 8.175299997674301,
      "frame_process_p99_ms": 8.46406000200659,
      "full_feature_rows": 81,
      "full_fixes": 125,
      "side_rows": 27,
      "tracker_fallback_rows": 9,
      "unique_exposures": 141
    },
    {
      "accepted_full_fixes": 64,
      "arm": "detector_only",
      "center_only_detections": 5,
      "feature_delivery_age_p95_ms": 1.4532200075336732,
      "feature_delivery_age_p99_ms": 1.5886379935545838,
      "feature_rows": 64,
      "flight": "F4",
      "flight_id": "20260720T071333-cd18c5fb",
      "frame_process_max_ms": 1.7762999923434108,
      "frame_process_mean_ms": 1.2509466653379302,
      "frame_process_p95_ms": 1.4142449930659495,
      "frame_process_p99_ms": 1.4761259988881648,
      "full_feature_rows": 64,
      "full_fixes": 115,
      "side_rows": 0,
      "tracker_fallback_rows": 0,
      "unique_exposures": 120
    },
    {
      "accepted_full_fixes": 56,
      "arm": "parallel_tracker",
      "center_only_detections": 5,
      "feature_delivery_age_p95_ms": 8.403184986673295,
      "feature_delivery_age_p99_ms": 8.95554700808134,
      "feature_rows": 70,
      "flight": "F4",
      "flight_id": "20260720T071333-cd18c5fb",
      "frame_process_max_ms": 9.055000002263114,
      "frame_process_mean_ms": 2.239906667091418,
      "frame_process_p95_ms": 8.286759995098691,
      "frame_process_p99_ms": 8.838369011646138,
      "full_feature_rows": 56,
      "full_fixes": 115,
      "side_rows": 14,
      "tracker_fallback_rows": 2,
      "unique_exposures": 120
    }
  ],
  "repo_head": "8cd67fa41240f5c3f6e289ebea5837a911a32234",
  "source_ref": "8cd67fa"
}
