{
  "finished": false,
  "aborted": true,
  "abort_reason": "stale channels: frame",
  "gates_passed": 0,
  "lap_time_s": null,
  "gate_clips": 0,
  "env_hits": 0,
  "duration_s": 46.09218270005658,
  "loop_overrun_frac": 8.678295582747549e-05,
  "loop_stats": {
    "ticks": 11523,
    "overruns": 1,
    "overrun_frac": 8.678295582747549e-05,
    "max_late_us": 2217
  },
  "flight_id": "20260714T045635-b9a568ab",
  "log_dir": "logs\\20260714T045635-b9a568ab"
}