{
  "finished": false,
  "aborted": true,
  "abort_reason": "environment collision (impulse=5.1)",
  "gates_passed": 0,
  "lap_time_s": null,
  "gate_clips": 0,
  "env_hits": 1,
  "duration_s": 7.704001900041476,
  "loop_overrun_frac": 0.009345794392523364,
  "loop_stats": {
    "ticks": 1926,
    "overruns": 18,
    "overrun_frac": 0.009345794392523364,
    "max_late_us": 5234
  },
  "flight_id": "20260722T035525-49b2dfca",
  "log_dir": "logs\\20260722T035525-49b2dfca"
}