{
  "finished": false,
  "aborted": true,
  "abort_reason": "environment collision (impulse=1.0)",
  "gates_passed": 0,
  "lap_time_s": null,
  "gate_clips": 0,
  "env_hits": 1,
  "duration_s": 15.552004099998157,
  "loop_overrun_frac": 0.013374485596707819,
  "loop_stats": {
    "ticks": 3888,
    "overruns": 52,
    "overrun_frac": 0.013374485596707819,
    "max_late_us": 7158
  },
  "flight_id": "20260722T123501-f20a8d28",
  "log_dir": "logs\\20260722T123501-f20a8d28"
}