{
  "rest_mount": [
    {
      "label": "20260715T121747-22978559",
      "phase": "phase3d",
      "mount_pitch_param": 29.0,
      "hover_window_s": [
        2.0,
        18.5655999
      ],
      "n_dets": 935,
      "n_imu": 511,
      "imu_accel_mean": [
        -2.999625198061919,
        -0.0021964262609612453,
        -9.33972839459981
      ],
      "imu_roll_deg": -0.013474262540393665,
      "imu_pitch_deg": -17.805374681853845,
      "gate_t_cam_mean_m": [
        0.024588855417905515,
        -3.208156682009014,
        5.560860517051378
      ],
      "gate_center_px_mean": [
        321.346256684492,
        175.36363636363637
      ],
      "gate_center_px_std": [
        1.757173805968098,
        8.962100154722455
      ],
      "optical_yaw_to_gate_deg": 0.25334720272093486,
      "optical_pitch_to_gate_deg": 29.98139139346122,
      "pixel_yaw_deg": 0.24104490965731187,
      "pixel_pitch_deg": 0.8300796341867922,
      "frame_edge_roll_deg_mean": -1.3466459575142986,
      "frame_edge_roll_deg_std": 2.2176210565415233,
      "imu_roll_small_deg": -0.013474262540393665,
      "mount_yaw_est_deg": 0.25334720272093486,
      "mount_yaw_est_unc_deg": 0.6146175970394026,
      "mount_roll_est_deg": -1.333171694973905,
      "mount_roll_est_unc_deg": 2.7176210565415233,
      "pitch_gate_minus_imu_deg": 47.786766075315064,
      "pitch_cal_precedent_deg": 29.0,
      "status": "ok"
    },
    {
      "label": "20260715T122040-22978559",
      "phase": "phase3d",
      "mount_pitch_param": 29.0,
      "hover_window_s": [
        2.0,
        18.5007872
      ],
      "n_dets": 884,
      "n_imu": 1900,
      "imu_accel_mean": [
        -1.0829323328796185,
        -0.004173609959451776,
        -9.676172298130236
      ],
      "imu_roll_deg": -0.0247133074745839,
      "imu_pitch_deg": -6.385822951504253,
      "gate_t_cam_mean_m": [
        0.1154633160701866,
        -3.232128576470248,
        5.575789819970483
      ],
      "gate_center_px_mean": [
        324.2658371040724,
        174.59049773755657
      ],
      "gate_center_px_std": [
        22.042544303395296,
        9.907270011134528
      ],
      "optical_yaw_to_gate_deg": 1.1863100165998914,
      "optical_pitch_to_gate_deg": 30.099663654261512,
      "pixel_yaw_deg": 0.7637499547150456,
      "pixel_pitch_deg": 0.9684754065367842,
      "frame_edge_roll_deg_mean": -0.8684271507475819,
      "frame_edge_roll_deg_std": 2.28029374829655,
      "imu_roll_small_deg": -0.0247133074745839,
      "mount_yaw_est_deg": 1.1863100165998914,
      "mount_yaw_est_unc_deg": 4.240477896077192,
      "mount_roll_est_deg": -0.843713843272998,
      "mount_roll_est_unc_deg": 2.78029374829655,
      "pitch_gate_minus_imu_deg": 36.485486605765765,
      "pitch_cal_precedent_deg": 29.0,
      "status": "ok"
    },
    {
      "label": "20260715T122352-22978559",
      "phase": "phase3d",
      "mount_pitch_param": 29.0,
      "hover_window_s": [
        2.0,
        18.7832332
      ],
      "n_dets": 943,
      "n_imu": 1925,
      "imu_accel_mean": [
        -2.5394117911450276,
        -0.010771500352141144,
        -9.468202991237888
      ],
      "imu_roll_deg": -0.06518251071713375,
      "imu_pitch_deg": -15.013631147185025,
      "gate_t_cam_mean_m": [
        0.07839565675778713,
        -3.2367129844946696,
        5.570927300078204
      ],
      "gate_center_px_mean": [
        323.6484623541888,
        174.43425238600213
      ],
      "gate_center_px_std": [
        19.393316000182473,
        9.860367860563429
      ],
      "optical_yaw_to_gate_deg": 0.8062291175662251,
      "optical_pitch_to_gate_deg": 30.15662024287762,
      "pixel_yaw_deg": 0.6532263666895045,
      "pixel_pitch_deg": 0.9964428038047093,
      "frame_edge_roll_deg_mean": -1.129205079052284,
      "frame_edge_roll_deg_std": 2.243831005385279,
      "imu_roll_small_deg": -0.06518251071713375,
      "mount_yaw_est_deg": 0.8062291175662251,
      "mount_yaw_est_unc_deg": 3.768118049165309,
      "mount_roll_est_deg": -1.0640225683351503,
      "mount_roll_est_unc_deg": 2.743831005385279,
      "pitch_gate_minus_imu_deg": 45.170251390062646,
      "pitch_cal_precedent_deg": 29.0,
      "status": "ok"
    },
    {
      "label": "20260715T044545-411f3135",
      "phase": "phase3c",
      "mount_pitch_param": 0.0,
      "hover_window_s": [
        2.0,
        45.5137539
      ],
      "n_dets": 0,
      "n_imu": 0,
      "status": "insufficient_imu"
    },
    {
      "label": "20260715T045100-411f3135",
      "phase": "phase3c",
      "mount_pitch_param": 0.0,
      "hover_window_s": [
        2.0,
        18.6472227
      ],
      "n_dets": 790,
      "n_imu": 512,
      "imu_accel_mean": [
        -2.999626954086125,
        -0.002322098473086953,
        -9.340182173997164
      ],
      "imu_roll_deg": -0.014244522954906028,
      "imu_pitch_deg": -17.804574022251792,
      "gate_t_cam_mean_m": [
        0.02617634663381292,
        -0.1122318142491391,
        6.414675605766838
      ],
      "gate_center_px_mean": [
        321.4291139240506,
        175.21360759493672
      ],
      "gate_center_px_std": [
        1.9286006535030165,
        8.63818364774061
      ],
      "optical_yaw_to_gate_deg": 0.233805410054217,
      "optical_pitch_to_gate_deg": 1.0023504934710559,
      "pixel_yaw_deg": 0.25588016224447196,
      "pixel_pitch_deg": 0.8569363596688077,
      "frame_edge_roll_deg_mean": -1.062072099165956,
      "frame_edge_roll_deg_std": 2.508686565075398,
      "imu_roll_small_deg": -0.014244522954906028,
      "mount_yaw_est_deg": 0.233805410054217,
      "mount_yaw_est_unc_deg": 0.6453104372705813,
      "mount_roll_est_deg": -1.04782757621105,
      "mount_roll_est_unc_deg": 3.008686565075398,
      "pitch_gate_minus_imu_deg": 18.806924515722848,
      "pitch_cal_precedent_deg": 29.0,
      "status": "ok"
    },
    {
      "label": "20260715T045458-411f3135",
      "phase": "phase3c",
      "mount_pitch_param": 0.0,
      "hover_window_s": [
        2.0,
        18.7871525
      ],
      "n_dets": 894,
      "n_imu": 1934,
      "imu_accel_mean": [
        -2.992206455509813,
        0.046953817064784305,
        -9.299877162803169
      ],
      "imu_roll_deg": 0.28927615321877775,
      "imu_pitch_deg": -17.835417274261843,
      "gate_t_cam_mean_m": [
        0.037784839144176956,
        -0.14880358888250567,
        6.507115533788431
      ],
      "gate_center_px_mean": [
        321.917225950783,
        173.99552572706935
      ],
      "gate_center_px_std": [
        5.307214573845689,
        10.874595680360082
      ],
      "optical_yaw_to_gate_deg": 0.3326954116357796,
      "optical_pitch_to_gate_deg": 1.3100016258635208,
      "pixel_yaw_deg": 0.34327387812498383,
      "pixel_pitch_deg": 1.0749708321048714,
      "frame_edge_roll_deg_mean": -0.8594851422633412,
      "frame_edge_roll_deg_std": 2.328956574524349,
      "imu_roll_small_deg": 0.28927615321877775,
      "mount_yaw_est_deg": 0.3326954116357796,
      "mount_yaw_est_unc_deg": 1.2501660003142483,
      "mount_roll_est_deg": -1.148761295482119,
      "mount_roll_est_unc_deg": 2.828956574524349,
      "pitch_gate_minus_imu_deg": 19.145418900125364,
      "pitch_cal_precedent_deg": 29.0,
      "status": "ok"
    },
    {
      "label": "20260715T051458-6092dbc0",
      "phase": "phase3c",
      "mount_pitch_param": 0.0,
      "hover_window_s": [
        2.0,
        18.6793417
      ],
      "n_dets": 865,
      "n_imu": 1925,
      "imu_accel_mean": [
        -0.7595101453731586,
        0.027540481028618752,
        -9.649920187615729
      ],
      "imu_roll_deg": 0.163519388124907,
      "imu_pitch_deg": -4.500265279452779,
      "gate_t_cam_mean_m": [
        0.0332696085057628,
        -0.1305437036567848,
        6.398049240585214
      ],
      "gate_center_px_mean": [
        321.71820809248555,
        174.34942196531793
      ],