{
  "finished": false,
  "aborted": true,
  "abort_reason": "stale channels: frame(0.500s)",
  "gates_passed": 0,
  "lap_time_s": null,
  "gate_clips": 0,
  "env_hits": 0,
  "duration_s": 34.72003359999508,
  "loop_overrun_frac": 0.00956221198156682,
  "loop_stats": {
    "ticks": 8680,
    "overruns": 83,
    "overrun_frac": 0.00956221198156682,
    "max_late_us": 13142
  },
  "flight_id": "20260723T223426-01330cb1",
  "log_dir": "logs\\20260723T223426-01330cb1"
}