{
  "finished": false,
  "aborted": true,
  "abort_reason": "environment collision (impulse=7.2)",
  "gates_passed": 0,
  "lap_time_s": null,
  "gate_clips": 0,
  "env_hits": 2,
  "duration_s": 11.06811779999407,
  "loop_overrun_frac": 0.01734730755330683,
  "loop_stats": {
    "ticks": 2767,
    "overruns": 48,
    "overrun_frac": 0.01734730755330683,
    "max_late_us": 13130
  },
  "flight_id": "20260720T053402-f170ead6",
  "log_dir": "logs\\20260720T053402-f170ead6"
}