{
  "finished": false,
  "aborted": true,
  "abort_reason": "environment collision (impulse=3.9)",
  "gates_passed": 0,
  "lap_time_s": null,
  "gate_clips": 2,
  "env_hits": 1,
  "duration_s": 18.888006599998334,
  "loop_overrun_frac": 0.013765353663701822,
  "loop_stats": {
    "ticks": 4722,
    "overruns": 65,
    "overrun_frac": 0.013765353663701822,
    "max_late_us": 11056
  },
  "flight_id": "20260720T053745-5cebc2b2",
  "log_dir": "logs\\20260720T053745-5cebc2b2"
}