{
  "finished": false,
  "aborted": true,
  "abort_reason": "environment collision (impulse=1.0)",
  "gates_passed": 0,
  "lap_time_s": null,
  "gate_clips": 0,
  "env_hits": 1,
  "duration_s": 10.399856199976057,
  "loop_overrun_frac": 0.002307692307692308,
  "loop_stats": {
    "ticks": 2600,
    "overruns": 6,
    "overrun_frac": 0.002307692307692308,
    "max_late_us": 4687
  },
  "flight_id": "20260720T054016-5cebc2b2",
  "log_dir": "logs\\20260720T054016-5cebc2b2"
}