{
  "finished": false,
  "aborted": true,
  "abort_reason": "environment collision (impulse=1.1)",
  "gates_passed": 0,
  "lap_time_s": null,
  "gate_clips": 5,
  "env_hits": 23,
  "duration_s": 14.811990000016522,
  "loop_overrun_frac": 0.0118822576289495,
  "loop_stats": {
    "ticks": 3703,
    "overruns": 44,
    "overrun_frac": 0.0118822576289495,
    "max_late_us": 9507
  },
  "flight_id": "20260723T063256-5db07c76",
  "log_dir": "logs\\20260723T063256-5db07c76"
}