{
  "base_param_hash": "58cd98ad58e908ffe4692e431b6217291fbac275fc7705e54322dfcee193feb1",
  "best_params": {
    "control.att_rate.vz_i": 0.539332995432149,
    "control.att_rate.vz_p": 0.8955208781183716,
    "estimation.vision_vel_blend": 0.23775495051989237,
    "planner.approach.aim_up_m": 0.4370225686600168,
    "planner.commit.distance_m": 2.985069787076817,
    "planner.commit.duration_s": 1.6935985469361712
  },
  "best_verify_summary": {
    "abort_rate": 1.0,
    "avg_score": -220.8346099999998,
    "best_score": -200.34380000000237,
    "finish_rate": 0.0,
    "flights": 20,
    "gate_pass_rate": 0.0,
    "max_gates": 0,
    "min_gates": 0,
    "total_gates": 0
  },
  "bounds": {
    "control.att_rate.vz_i": [
      0.2,
      0.7
    ],
    "control.att_rate.vz_p": [
      0.5,
      1.2
    ],
    "estimation.vision_vel_blend": [
      0.1,
      0.3
    ],
    "planner.approach.aim_up_m": [
      0.1,
      0.6
    ],
    "planner.commit.distance_m": [
      1.5,
      3.5
    ],
    "planner.commit.duration_s": [
      1.0,
      2.0
    ]
  },
  "campaign_summary": {
    "abort_rate": 1.0,
    "avg_score": -215.12398500000054,
    "best_score": -121.91720000000205,
    "finish_rate": 0.0,
    "flights": 40,
    "gate_pass_rate": 0.05,
    "max_gates": 1,
    "min_gates": 0,
    "total_gates": 2
  },
  "commit": "5ec57ee2fc476a496639ea3b882e813c96a68919",
  "default_verify_summary": {
    "abort_rate": 1.0,
    "avg_score": -225.0409300000002,
    "best_score": -220.7890000000014,
    "finish_rate": 0.0,
    "flights": 20,
    "gate_pass_rate": 0.0,
    "max_gates": 0,
    "min_gates": 0,
    "total_gates": 0
  },
  "flake_failures": 2,
  "flake_summary": {
    "abort_rate": 0.06666666666666667,
    "avg_score": 70.50512999999995,
    "best_score": 92.5,
    "finish_rate": 0.9333333333333333,
    "flights": 30,
    "gate_pass_rate": 0.9333333333333333,
    "max_gates": 1,
    "min_gates": 0,
    "total_gates": 28
  },
  "run_id": "2026-07-15-rebaseline-5ec57ee",
  "timeout_in_throttle_down": 0
}
