{
  "finished": false,
  "aborted": true,
  "abort_reason": "environment collision (impulse=1.0)",
  "gates_passed": 0,
  "lap_time_s": null,
  "gate_clips": 1,
  "env_hits": 14,
  "duration_s": 6.983986700011883,
  "loop_overrun_frac": 0.022336769759450172,
  "loop_stats": {
    "ticks": 1746,
    "overruns": 39,
    "overrun_frac": 0.022336769759450172,
    "max_late_us": 8365
  },
  "flight_id": "20260721T192350-b0e9e73b",
  "log_dir": "logs\\20260721T192350-b0e9e73b"
}