{
  "finished": false,
  "aborted": true,
  "abort_reason": "environment collision (impulse=9.6)",
  "gates_passed": 0,
  "lap_time_s": null,
  "gate_clips": 9,
  "env_hits": 2,
  "duration_s": 14.668009500019252,
  "loop_overrun_frac": 0.03817834742296155,
  "loop_stats": {
    "ticks": 3667,
    "overruns": 140,
    "overrun_frac": 0.03817834742296155,
    "max_late_us": 11686
  },
  "flight_id": "20260722T141216-b1a8389a",
  "log_dir": "logs\\20260722T141216-b1a8389a"
}