{
  "finished": false,
  "aborted": true,
  "abort_reason": "gate clip budget exceeded (11)",
  "gates_passed": 0,
  "lap_time_s": null,
  "gate_clips": 11,
  "env_hits": 0,
  "duration_s": 18.9840181999607,
  "loop_overrun_frac": 0.009060261272650654,
  "loop_stats": {
    "ticks": 4746,
    "overruns": 43,
    "overrun_frac": 0.009060261272650654,
    "max_late_us": 6885
  },
  "flight_id": "20260724T103724-90d47aa7",
  "log_dir": "logs\\20260724T103724-90d47aa7"
}