{
  "finished": false,
  "aborted": true,
  "abort_reason": "gate clip budget exceeded (11)",
  "gates_passed": 0,
  "lap_time_s": null,
  "gate_clips": 11,
  "env_hits": 0,
  "duration_s": 14.73201410000911,
  "loop_overrun_frac": 0.015748031496062992,
  "loop_stats": {
    "ticks": 3683,
    "overruns": 58,
    "overrun_frac": 0.015748031496062992,
    "max_late_us": 13897
  },
  "flight_id": "20260722T045939-25254d82",
  "log_dir": "logs\\20260722T045939-25254d82"
}