{
  "finished": false,
  "aborted": true,
  "abort_reason": "environment collision (impulse=14.1)",
  "gates_passed": 0,
  "lap_time_s": null,
  "gate_clips": 0,
  "env_hits": 1,
  "duration_s": 23.69223859999329,
  "loop_overrun_frac": 0.025325004220834037,
  "loop_stats": {
    "ticks": 5923,
    "overruns": 150,
    "overrun_frac": 0.025325004220834037,
    "max_late_us": 14451
  },
  "flight_id": "20260719T201630-f170ead6",
  "log_dir": "logs\\20260719T201630-f170ead6"
}