{
  "finished": false,
  "aborted": true,
  "abort_reason": "environment collision (impulse=2.5)",
  "gates_passed": 0,
  "lap_time_s": null,
  "gate_clips": 0,
  "env_hits": 1,
  "duration_s": 24.540401100064628,
  "loop_overrun_frac": 0.00016299918500407498,
  "loop_stats": {
    "ticks": 6135,
    "overruns": 1,
    "overrun_frac": 0.00016299918500407498,
    "max_late_us": 853
  },
  "flight_id": "20260715T183716-8e6cf1f5",
  "log_dir": "logs\\20260715T183716-8e6cf1f5"
}