{
  "finished": false,
  "aborted": true,
  "abort_reason": "environment collision (impulse=26.1)",
  "gates_passed": 0,
  "lap_time_s": null,
  "gate_clips": 2,
  "env_hits": 1,
  "duration_s": 18.508271800004877,
  "loop_overrun_frac": 0.01080613788631943,
  "loop_stats": {
    "ticks": 4627,
    "overruns": 50,
    "overrun_frac": 0.01080613788631943,
    "max_late_us": 10818
  },
  "flight_id": "20260719T143404-a76247fb",
  "log_dir": "logs\\20260719T143404-a76247fb"
}