{
  "finished": false,
  "aborted": true,
  "abort_reason": "environment collision (impulse=4.6)",
  "gates_passed": 0,
  "lap_time_s": null,
  "gate_clips": 0,
  "env_hits": 1,
  "duration_s": 19.080034000013256,
  "loop_overrun_frac": 0.010482180293501049,
  "loop_stats": {
    "ticks": 4770,
    "overruns": 50,
    "overrun_frac": 0.010482180293501049,
    "max_late_us": 7477
  },
  "flight_id": "20260719T143525-a76247fb",
  "log_dir": "logs\\20260719T143525-a76247fb"
}