{
  "commit": "3b554f38c01b120edb461a01070b749d4dd1caeb",
  "non_tuning_delta_from_source": [],
  "p4_rows": [
    {
      "accepted_full_fixes": 81,
      "arm": "detector_only",
      "center_only_detections": 6,
      "detector_max_ms": 3.682199981994927,
      "detector_p95_ms": 1.409899996360764,
      "detector_p99_ms": 1.561379991471767,
      "feature_delivery_age_max_ms": 1.7450999876018614,
      "feature_delivery_age_p95_ms": 1.3953000016044825,
      "feature_delivery_age_p99_ms": 1.5446999983396388,
      "feature_rows": 81,
      "flight": "F2",
      "flight_id": "20260720T071112-cd18c5fb",
      "frame_process_max_ms": 3.7252000183798373,
      "frame_process_mean_ms": 1.3184489352886188,
      "frame_process_p95_ms": 1.4816999901086092,
      "frame_process_p99_ms": 1.6862799937371156,
      "full_feature_rows": 81,
      "full_fixes": 125,
      "side_rows": 0,
      "total_frame_wall_ms": 185.90129987569526,
      "tracker_calls": 0,
      "tracker_fallback_rows": 0,
      "tracker_max_ms": "",
      "tracker_p95_ms": "",
      "tracker_p99_ms": "",
      "unique_exposures": 141
    },
    {
      "accepted_full_fixes": 81,
      "arm": "parallel_tracker",
      "center_only_detections": 6,
      "detector_max_ms": 1.7597000114619732,
      "detector_p95_ms": 1.5746999997645617,
      "detector_p99_ms": 1.7219399975147094,
      "feature_delivery_age_max_ms": 12.456600001314655,
      "feature_delivery_age_p95_ms": 8.300110007985495,
      "feature_delivery_age_p99_ms": 8.711246003513224,
      "feature_rows": 108,
      "flight": "F2",
      "flight_id": "20260720T071112-cd18c5fb",
      "frame_process_max_ms": 12.456900003599003,
      "frame_process_mean_ms": 2.967192909675353,
      "frame_process_p95_ms": 8.285999996587634,
      "frame_process_p99_ms": 8.694280008785427,
      "full_feature_rows": 81,
      "full_fixes": 125,
      "side_rows": 27,
      "total_frame_wall_ms": 418.3742002642248,
      "tracker_calls": 34,
      "tracker_fallback_rows": 9,
      "tracker_max_ms": 11.25290000345558,
      "tracker_p95_ms": 7.1861650052596815,
      "tracker_p99_ms": 9.95761700411095,
      "unique_exposures": 141
    },
    {
      "accepted_full_fixes": 64,
      "arm": "detector_only",
      "center_only_detections": 5,
      "detector_max_ms": 1.8026000179816037,
      "detector_p95_ms": 1.369895007519517,
      "detector_p99_ms": 1.6467799906968144,
      "feature_delivery_age_max_ms": 1.8475999822840095,
      "feature_delivery_age_p95_ms": 1.4654250087914986,
      "feature_delivery_age_p99_ms": 1.6357310008606865,
      "feature_rows": 64,
      "flight": "F4",
      "flight_id": "20260720T071333-cd18c5fb",
      "frame_process_max_ms": 1.8478999845683575,
      "frame_process_mean_ms": 1.295692499600894,
      "frame_process_p95_ms": 1.4405349953449331,
      "frame_process_p99_ms": 1.6737619938794528,
      "full_feature_rows": 64,
      "full_fixes": 115,
      "side_rows": 0,
      "total_frame_wall_ms": 155.4830999521073,
      "tracker_calls": 0,
      "tracker_fallback_rows": 0,
      "tracker_max_ms": "",
      "tracker_p95_ms": "",
      "tracker_p99_ms": "",
      "unique_exposures": 120
    },
    {
      "accepted_full_fixes": 56,
      "arm": "parallel_tracker",
      "center_only_detections": 5,
      "detector_max_ms": 2.6200999855063856,
      "detector_p95_ms": 1.4344449795316905,
      "detector_p99_ms": 1.9520269896020186,
      "feature_delivery_age_max_ms": 9.269400004995987,
      "feature_delivery_age_p95_ms": 8.584134990815073,
      "feature_delivery_age_p99_ms": 8.946824998711236,
      "feature_rows": 70,
      "flight": "F4",
      "flight_id": "20260720T071333-cd18c5fb",
      "frame_process_max_ms": 9.269700007280335,
      "frame_process_mean_ms": 2.294669166440144,
      "frame_process_p95_ms": 8.490584994433448,
      "frame_process_p99_ms": 8.800453001458663,
      "full_feature_rows": 56,
      "full_fixes": 115,
      "side_rows": 14,
      "total_frame_wall_ms": 275.3602999728173,
      "tracker_calls": 17,
      "tracker_fallback_rows": 2,
      "tracker_max_ms": 7.443399983458221,
      "tracker_p95_ms": 7.387880003079772,
      "tracker_p99_ms": 7.432295987382531,
      "unique_exposures": 120
    }
  ],
  "repo_head": "39428378f4a914f29be9092f5072df3bf57b8f9c",
  "source_ref": "3b554f3"
}
