{
  "finished": false,
  "aborted": true,
  "abort_reason": "gate clip budget exceeded (11)",
  "gates_passed": 0,
  "lap_time_s": null,
  "gate_clips": 11,
  "env_hits": 0,
  "duration_s": 14.260098200000357,
  "loop_overrun_frac": 0.04964936886395512,
  "loop_stats": {
    "ticks": 3565,
    "overruns": 177,
    "overrun_frac": 0.04964936886395512,
    "max_late_us": 13966
  },
  "flight_id": "20260722T141720-b1a8389a",
  "log_dir": "logs\\20260722T141720-b1a8389a"
}