{
  "finished": false,
  "aborted": true,
  "abort_reason": "environment collision (impulse=1.6)",
  "gates_passed": 0,
  "lap_time_s": null,
  "gate_clips": 0,
  "env_hits": 1,
  "duration_s": 12.933418400003575,
  "loop_overrun_frac": 0.038390092879256967,
  "loop_stats": {
    "ticks": 3230,
    "overruns": 124,
    "overrun_frac": 0.038390092879256967,
    "max_late_us": 17929
  },
  "flight_id": "20260717T151717-e179e097",
  "log_dir": "logs\\20260717T151717-e179e097"
}