{
  "finished": false,
  "aborted": true,
  "abort_reason": "environment collision (impulse=7.9)",
  "gates_passed": 0,
  "lap_time_s": null,
  "gate_clips": 0,
  "env_hits": 1,
  "duration_s": 17.35295650002081,
  "loop_overrun_frac": 0.019847680590814678,
  "loop_stats": {
    "ticks": 4333,
    "overruns": 86,
    "overrun_frac": 0.019847680590814678,
    "max_late_us": 20833
  },
  "flight_id": "20260717T151126-a9753343",
  "log_dir": "logs\\20260717T151126-a9753343"
}