{
  "finished": false,
  "aborted": true,
  "abort_reason": "environment collision (impulse=1.1)",
  "gates_passed": 0,
  "lap_time_s": null,
  "gate_clips": 0,
  "env_hits": 1,
  "duration_s": 10.7521336999489,
  "loop_overrun_frac": 0.042782738095238096,
  "loop_stats": {
    "ticks": 2688,
    "overruns": 115,
    "overrun_frac": 0.042782738095238096,
    "max_late_us": 10645
  },
  "flight_id": "20260717T151254-e179e097",
  "log_dir": "logs\\20260717T151254-e179e097"
}