{
  "flight": "20260719T143404-a76247fb",
  "fixture": "C:\\Users\\tsion\\Projects\\eni_dcim\\fixtures\\20260719T143556-phase6e-aim-tfv1",
  "t0_mono_ns": 148314441816300,
  "aim_up_m_param": 0.3,
  "d_star_bar": 0.8,
  "d_star_banner": 0.15,
  "windows": {
    "v3": [
      7.0,
      8.0
    ],
    "contact": [
      8.12,
      8.52
    ],
    "clip_t": 7.97
  },
  "v3": {
    "n_features": 3,
    "n_paired": 3,
    "e_z_bar": {
      "n": 3,
      "mean": -0.5686414028641836,
      "rms": 0.5688674507089625,
      "median": -0.5607880379485586,
      "min": -0.5909919999922626,
      "max": -0.5541441706517295
    },
    "e_believed_up": {
      "n": 3,
      "mean": 0.007783854494094564,
      "rms": 0.009097099701908317,
      "median": 0.006937488984201982,
      "min": 0.0024872472730378403,
      "max": 0.013926827225043868
    },
    "delta_oracle_minus_believed": {
      "n": 3,
      "mean": -0.5764252573582781,
      "rms": 0.5767779651487054,
      "median": -0.5632752852215964,
      "min": -0.6049188272173065,
      "max": -0.5610816596359315
    },
    "would_term_descend": true,
    "believed_near_centered": true,
    "high_bias_disagreement": true,
    "v3_rms_bar_0p05": false,
    "median_delta_m": -0.5632752852215964
  },
  "v3_series": [
    {
      "t": 7.8852702,
      "cert_status": "none",
      "mode": "BAR_FULL",
      "y_top_px": 0.36292794745233437,
      "span_px": 1169.0563369840966,
      "y_norm": 0.5613658501642115,
      "span_norm": 3.653301053075302,
      "e_z_bar": -0.5541441706517295,
      "e_z_banner": 0.09585582934827053,
      "e_z_row_only_bar": -0.4665470681039264,
      "e_believed_up": 0.006937488984201982,
      "world_dz": 0.0409952473870544,
      "aim": 0.04793273637125638,
      "age": 0.016270176,
      "dist": 0.6391031516167518,
      "t_cam": [
        -0.08413184198301729,
        -0.2203071714079587,
        0.5940028802937186
      ],
      "delta_oracle_minus_believed": -0.5610816596359315,
      "shadow_owner": "term",
      "up_legacy_mps": 0.7781805481742414
    },
    {
      "t": 7.9223633,
      "cert_status": "none",
      "mode": "BAR_FULL",
      "y_top_px": 0.017557868005951605,
      "span_px": 1203.835731882269,
      "y_norm": 0.5624451316624814,
      "span_norm": 3.7619866621320908,
      "e_z_bar": -0.5607880379485586,
      "e_z_banner": 0.08921196205144141,
      "e_z_row_only_bar": -0.4829422736382111,
      "e_believed_up": 0.0024872472730378403,
      "world_dz": 0.04318110761763788,
      "aim": 0.04566835489067572,
      "age": 0.027693056,
      "dist": 0.608911398542343,
      "t_cam": [
        -0.10125266202715774,
        -0.20675699553137047,
        0.5637131668730535
      ],
      "delta_oracle_minus_believed": -0.5632752852215964,
      "shadow_owner": "term",
      "up_legacy_mps": 0.7590290151836895
    },
    {
      "t": 7.950679,
      "cert_status": "none",
      "mode": "BAR_FULL",
      "y_top_px": -0.4609577128028377,
      "span_px": 1381.4664143467976,
      "y_norm": 0.5639404928525089,
      "span_norm": 4.317082544833743,
      "e_z_bar": -0.5909919999922626,
      "e_z_banner": 0.05900800000773751,
      "e_z_row_only_bar": -0.5043290712066781,
      "e_believed_up": 0.013926827225043868,
      "world_dz": 0.02894071667634862,
      "aim": 0.04286754390139249,
      "age": 0.041712056,
      "dist": 0.5715672520185665,
      "t_cam": [
        -0.09591947326934783,
        -0.20640687875561742,
        0.5242945533096355
      ],
      "delta_oracle_minus_believed": -0.6049188272173065,
      "shadow_owner": "term",
      "up_legacy_mps": 0.8155104123631666
    }
  ],
  "believed_series_n": 49,
  "shadow_owner_hist_7_8": {
    "term": 49
  },
  "contact": {
    "votes": {
      "TOP": 7,
      "BOTTOM": 0,
      "LEFT": 0,
      "RIGHT": 3,
      "UNCLEAR": 0
    },
    "winner": "TOP",
    "hypothesis_PB_top": true,
    "n_dets": 11
  },
  "contact_rows": [
    {
      "t": 8.1656347,
      "R": 1.3338053854401983,
      "t_vec": [
        0.4201197107302161,
        -0.7956487013433783,
        0.9846214394049275
      ],
      "center_px": [
        439.3661441937761,
        179.7450468684784
      ],
      "cert": "none",
      "label": "TOP"
    },
    {
      "t": 8.1937313,
      "R": 1.5738756945953118,
      "t_vec": [
        0.7025461023022703,
        -0.6202125455343404,
        1.2644564344174047
      ],
      "center_px": [
        460.25,
        179.5
      ],
      "cert": "certified",
      "label": "TOP"
    },
    {
      "t": 8.2228253,
      "R": 1.6525277793154873,
      "t_vec": [
        0.8436915607209479,
        -0.6568861223354809,
        1.2599735053010768
      ],
      "center_px": [
        486.25,
        179.5
      ],
      "cert": "certified",
      "label": "TOP"
    },
    {
      "t": 8.2545409,
      "R": 1.714199150101043,
      "t_vec": [
        0.9521921432274856,
        -0.6825088752020482,
        1.2513954146685295
      ],
      "center_px": [
        508.0,
        179.5
      ],
      "cert": "certified",
      "label": "RIGHT"
    },
    {
      "t": 8.288876,
      "R": 1.7746821095268845,
      "t_vec": [
        1.056246838438784,
        -0.695851258211187,
        1.2448414487832473
      ],
      "center_px": [
        530.0,
        179.5
      ],
      "cert": "certified",
      "label": "RIGHT"
    },
    {
      "t": 8.3279649,
      "R": 1.8218440140563827,
      "t_vec": [
        1.1359221263896975,
        -0.7088392187871569,
        1.2354527494973633
      ],
      "center_px": [
        550.0,
        179.5
      ],
      "cert": "certified",
      "label": "RIGHT"
    },
    {
      "t": 8.3856109,
      "R": 1.59908590641777,
      "t_vec": [
        0.8805427558475458,
        -0.798055027565576,
        1.0699665248061072
      ],
      "center_px": [
        553.0646181161791,
        186.8553632072892
      ],
      "cert": "none",
      "label": "TOP"
    },
    {
      "t": 8.4211214,
      "R": 1.4666250439946356,
      "t_vec": [
        0.7435425081051452,
        -0.795318142875263,
        0.9826508077269461
      ],
      "center_px": [
        531.6466675760184,
        179.64866239170374
      ],
      "cert": "none",
      "label": "TOP"
    },
    {
      "t": 8.4579534,
      "R": 1.4225559312754217,
      "t_vec": [
        0.6441552591487015,
        -0.7972888673577703,
        0.9864379563385197
      ],
      "center_px": [
        502.5962309947523,
        179.47091304097276
      ],
      "cert": "none",
      "label": "TOP"
    },
    {
      "t": 8.4687641,
      "R": 20.1886337978298,
      "t_vec": [
        5.337200861040976,
        -4.254435456681076,
        18.999868434721176
      ],
      "center_px": [
        411.25,
        274.25
      ],
      "cert": "certified",
      "label": "FAR_FLICKER"
    },
    {
      "t": 8.4930418,
      "R": 0.8024829329343031,
      "t_vec": [
        -0.12678859348217145,
        -0.4718945222751401,
        0.6365681974936944
      ],
      "center_px": [
        319.5,
        71.25
      ],
      "cert": "certified",
      "label": "TOP"
    }
  ],
  "clip_snap": {
    "collisions": [
      {
        "t": 7.9720387,
        "impulse": 0.10329741984605789,
        "threat_level": 1
      },
      {
        "t": 7.9783977,
        "impulse": 4.394327163696289,
        "threat_level": 2
      }
    ],
    "closest_det_preclip": {
      "t": 7.950666,
      "t_vec": [
        -0.08742407386249239,
        -0.17637278996970857,
        0.6007237110373199
      ],
      "R": 0.6321544959381867,
      "center_px": [
        243.28707316585331,
        689.9838624574727
      ],